id,ra,dec,nobs,t0,z,lightcurve,params,const,ar.L1,sigma2
0.0,96.14555496810341,-20.344413826724566,816.0,60980.00158187724,0.1,"              mjd filter           flux  ...  survey_idx  obs_idx  is_saturated
0    61020.332446      i  478970.127380  ...           0    15525         False
1    61024.061773      r  513305.344771  ...           0    17209         False
..            ...    ...            ...  ...         ...      ...           ...
814  64620.327342      r  510809.567834  ...           0  2015523         False
815  64624.268387      g  552757.891821  ...           0  2016994         False

[816 rows x 8 columns]","{'NumpyRandomFunc:integers_2.low': 0, 'NumpyRandomFunc:integers_2.high': 2019461, 'NumpyRandomFunc:integers_2.function_node_result': 1816010, 'ra_dec_sampler.selected_table_index': 1816010, 'ra_dec_sampler.ra': array([96.14555497]), 'ra_dec_sampler.dec': array([-20.34441383]), 'ra_dec_sampler.time': 64299.318976841845, 'AGN_0.ra': array([96.14555497]), 'AGN_0.dec': array([-20.34441383]), 'AGN_0.redshift': 0.1, 'AGN_0.t0': 60980.00158187724, 'AGN_0.distance': 475822267.5121877, 'AGN_0.blackhole_mass': 100000000.0, 'AGN_0.edd_ratio': 0.25, 'AGN_0.inclination_rad': 0.8786042693538526, 'AGN_0.blackhole_mass_gram': 1.988409870698051e+41, 'AGN_0.critical_accretion_rate': 1.4000000000000002e+26, 'AGN_0.blackhole_accretion_rate': 3.5000000000000004e+25, 'AGN_0.bolometric_luminosity': 3.1500000000000004e+45, 'AGN_0.mag_i': -23.745776384474, 'AGN_0.sf_inf_4000aa': 0.20796889612175742, 'AGN_0.tau_4000aa': 269.0901659644939, 'AGN_0.agn_seed': 4279618621, 'RedshiftDistFunc:redshift_to_distance_3.redshift': 0.1, 'RedshiftDistFunc:redshift_to_distance_3.function_node_result': 475822267.5121877, 'NumpyRandomFunc:uniform_4.low': 0, 'NumpyRandomFunc:uniform_4.high': 1.5707963267948966, 'NumpyRandomFunc:uniform_4.function_node_result': 0.8786042693538526, 'FunctionNode:<lambda>_5.m_sun': 100000000.0, 'FunctionNode:<lambda>_5.function_node_result': 1.988409870698051e+41, 'FunctionNode:compute_critical_accretion_rate_6.blackhole_mass': 1.988409870698051e+41, 'FunctionNode:compute_critical_accretion_rate_6.function_node_result': 1.4000000000000002e+26, 'FunctionNode:compute_blackhole_accretion_rate_7.accretion_rate': 1.4000000000000002e+26, 'FunctionNode:compute_blackhole_accretion_rate_7.edd_ratio': 0.25, 'FunctionNode:compute_blackhole_accretion_rate_7.function_node_result': 3.5000000000000004e+25, 'FunctionNode:compute_bolometric_luminosity_8.edd_ratio': 0.25, 'FunctionNode:compute_bolometric_luminosity_8.blackhole_mass': 1.988409870698051e+41, 'FunctionNode:compute_bolometric_luminosity_8.function_node_result': 3.1500000000000004e+45, 'FunctionNode:compute_mag_i_9.bolometric_luminosity': 3.1500000000000004e+45, 'FunctionNode:compute_mag_i_9.function_node_result': -23.745776384474, 'FunctionNode:compute_sf_inf_4000aa_10.mag_i': -23.745776384474, 'FunctionNode:compute_sf_inf_4000aa_10.blackhole_mass': 1.988409870698051e+41, 'FunctionNode:compute_sf_inf_4000aa_10.function_node_result': 0.20796889612175742, 'FunctionNode:compute_tau_4000aa_11.mag_i': -23.745776384474, 'FunctionNode:compute_tau_4000aa_11.blackhole_mass': 1.988409870698051e+41, 'FunctionNode:compute_tau_4000aa_11.function_node_result': 269.0901659644939, 'NumpyRandomFunc:integers_12.low': 0, 'NumpyRandomFunc:integers_12.high': 4294967295, 'NumpyRandomFunc:integers_12.function_node_result': 4279618621}",,,
,,,,,,,,4570.641965366066,0.19932044551157896,15545.602907640718
,,,,,,,,437041.94714617904,0.1740441054018792,142427059.75555733
,,,,,,,,644537.9468493353,0.23339783846706613,336481108.1470255
,,,,,,,,519602.01126698323,0.18665145807966957,206271505.08996898
,,,,,,,,176032.0672361847,0.2623105400514763,24233697.60666269
,,,,,,,,8466.277760413024,0.26090976624375695,55328.761166415665
,,,,,,,,808470.806595706,0.2257214130873108,518886512.22382605
,,,,,,,,216622.6786576823,0.1490926362920357,35174953.52503043
,,,,,,,,791924.4144648382,0.19922002569652478,483609779.03604496
,,,,,,,,340244.2323991841,0.2896465824820721,90414977.42016634
,,,,,,,,611435.3876069064,0.19476941337665,273724273.9002187
,,,,,,,,190648.07403181892,0.13572402487976962,26960278.157176886
,,,,,,,,717712.0918325384,0.2645688414265872,419704628.61733145
,,,,,,,,667615.8964270683,0.24442592962897233,346896509.5831809
,,,,,,,,772112.2421337921,0.24342066862761444,452740028.48473114
,,,,,,,,509863.81250342494,0.22074052252866588,199853116.26690242
,,,,,,,,274929.021391142,0.20298640703172943,59248359.028780006
,,,,,,,,154502.40805742188,0.1843982214234486,17733796.293439873
,,,,,,,,352650.2233870566,0.2513766515038938,94309959.65118565
,,,,,,,,790859.265072447,0.22153992286169708,477629269.10158145
,,,,,,,,242873.56662168726,0.2259489245750832,43227899.43103012
,,,,,,,,636025.3303030988,0.2387529567371058,320184673.9188383
,,,,,,,,371753.61874222127,0.23786734926832273,100314502.14879237
,,,,,,,,132920.9847911643,0.17940101761933824,12311200.775031261
,,,,,,,,108035.75522589889,0.24446639032392156,8713701.352132775
,,,,,,,,677490.1293591287,0.22501918660992515,342176431.96352
,,,,,,,,773859.8334786958,0.18939416653618757,480662822.72713304
,,,,,,,,650257.0539129637,0.29067325327045235,337109800.4223438
,,,,,,,,461149.5911810197,0.26686964137457564,157597034.50773698
,,,,,,,,529889.5571964959,0.2563827628462323,218245697.2658681
,,,,,,,,553047.1338455129,0.3367471022521664,250402425.2731574
,,,,,,,,657281.2624069322,0.3168963733730669,343225049.7643891
,,,,,,,,807813.7076412464,0.30027348734659665,513963731.0922057
,,,,,,,,781250.9745514034,0.18889461728413848,431998313.4454372
,,,,,,,,809699.4528333999,0.31099229805366146,537403952.678623
,,,,,,,,98264.91296729562,0.21875570278297812,6833108.860044356
,,,,,,,,807687.1266539439,0.22951703666584708,487557035.538428
,,,,,,,,401241.227754367,0.2606586775466927,122838544.50229694
,,,,,,,,311949.0147720362,0.1254026622640197,68390490.38396029
,,,,,,,,4499.371828300498,0.23737740068275515,15179.695796581427
,,,,,,,,738227.1646649581,0.207670018719542,412691775.0973792
,,,,,,,,708257.9414077189,0.18190016615859358,366729136.97728246
,,,,,,,,806114.8055209875,0.27265826097294826,521252379.4635796
,,,,,,,,93044.40524328753,0.22926799463803,6484380.611341949
,,,,,,,,702162.2952183778,0.2799141756160831,382877306.66678625
,,,,,,,,504332.6217808544,0.1859704448085095,192441278.2996769
,,,,,,,,282277.37388326845,0.2159435118413016,60988510.782026835
,,,,,,,,333827.5805614562,0.34001608323964766,84436009.77195978
,,,,,,,,83906.5427823786,0.18254775195730694,5500293.628398552
,,,,,,,,257701.1562409298,0.2221481579913105,51300546.40741488
,,,,,,,,809181.8056258252,0.25569044640171,559129828.8904282
,,,,,,,,277561.45569508435,0.25682779337343414,59424780.080614895
,,,,,,,,789058.7740079943,0.24831859057827915,456259460.9766311
,,,,,,,,783791.4136431321,0.303879121076612,495361208.43521464
,,,,,,,,795754.4417586203,0.21772592102524208,500893310.48352873
,,,,,,,,533779.9770518558,0.38324916273322934,229248200.93594065
,,,,,,,,536400.0392419334,0.19850150804182062,227943097.09354946
,,,,,,,,333700.351963422,0.1936866529207198,86414883.77325279
,,,,,,,,101047.56838923761,0.1999386858738663,7392044.053834573
,,,,,,,,475849.49991346133,0.2795608339583063,179262393.12128237
,,,,,,,,644400.0592657991,0.19396180678174002,324070014.465826
,,,,,,,,470971.73770414427,0.17306845367158924,184543706.4923646
,,,,,,,,438516.127857929,0.18158238811554808,151659716.4474658
,,,,,,,,421053.7990798232,0.2733024327726489,135336978.17435488
,,,,,,,,810859.4953094231,0.25313702847782527,475851113.8080935
,,,,,,,,239410.48532631676,0.25195549544161383,43415540.88113454
,,,,,,,,571088.847619085,0.1942984168416338,253247699.38530952
,,,,,,,,812770.7022520779,0.3349949842968344,518965584.9432958
,,,,,,,,408572.787003722,0.22624284508048145,130233710.29766744
,,,,,,,,353174.7584210981,0.3126571253863773,99397222.52262369
,,,,,,,,2518.7008511209765,0.25606401962885267,4605.901244722736
,,,,,,,,226494.8247311286,0.23592697247932443,38117824.949968815
,,,,,,,,785990.1307778861,0.17725909095195064,446457635.7817675
,,,,,,,,50905.51024273769,0.2588881438755448,2087707.7617654775
,,,,,,,,304855.6640040813,0.29904918163382993,70054392.21982472
,,,,,,,,86289.34975924197,0.32487956693246156,6028495.999433587
,,,,,,,,788553.0639438552,0.25782313376326893,501345447.07982886
,,,,,,,,798006.4490486698,0.18196748555019165,463299010.2182571
,,,,,,,,388582.4140018003,0.17936675730615498,115778896.62146884
,,,,,,,,260383.93123386952,0.28478541807569707,58703456.49824515
,,,,,,,,731317.6642334515,0.2652841513118769,402521213.83106077
,,,,,,,,811576.2404975328,0.2490037729936703,533195851.7384785
,,,,,,,,805932.239381859,0.17465854864573518,506235331.72540325
,,,,,,,,586455.4828877902,0.18169976432410168,254631983.98116606
,,,,,,,,815254.6938254422,0.20913839479084442,497652942.037348
,,,,,,,,354984.78390265064,0.31226890924849443,101110605.1435301
,,,,,,,,462714.7013106224,0.22729456196023468,176318671.4649042
,,,,,,,,731970.6463599158,0.18186261778271462,411258492.5530357
,,,,,,,,106473.05279174242,0.1571039958868506,8634778.835840901
,,,,,,,,802247.7745677632,0.20074668978129623,491082456.00897443
,,,,,,,,611582.5834598418,0.2645017175513457,316040846.56691355
,,,,,,,,187845.85359699719,0.25714833693404526,25830976.27430135
,,,,,,,,720446.8003275078,0.1618402663325461,389671899.0331642
,,,,,,,,809837.932243502,0.2582661313140622,506824059.8612833
,,,,,,,,357251.17567402025,0.20235791470849968,95793731.78900315
,,,,,,,,682356.439796134,0.2506802420894869,363144695.51190704
,,,,,,,,802780.3697595373,0.22186025573050833,519504215.55797076
,,,,,,,,414825.81779420475,0.18619585458962093,127012024.28897743
,,,,,,,,667008.2771568632,0.22923590293760382,349589399.2132766
,,,,,,,,64104.215848611704,0.25938636227971906,3306748.8757342515
,,,,,,,,734977.5915087477,0.2460328803202616,440798474.4938382
,,,,,,,,170407.22000355358,0.27124227566974146,22924815.18973548
,,,,,,,,762252.701732187,0.25008930103481153,479412345.88761526
,,,,,,,,667589.4434917,0.3494053931394474,361971914.96103394
,,,,,,,,675469.9100171061,0.2654825057637459,338396134.0127107
,,,,,,,,806652.4819069261,0.16784979132892344,455566206.38342494
,,,,,,,,811528.1487500055,0.212795279546728,506561166.3861928
,,,,,,,,350564.66529472556,0.19646315596406655,90890013.28728373
,,,,,,,,802284.2721386085,0.2604890841596452,486225667.38527244
,,,,,,,,300290.85676297935,0.16109307060558464,67892105.94153447
,,,,,,,,319979.783957644,0.252687583286765,78284549.87298353
,,,,,,,,333570.05894205335,0.2060850779768126,83246444.32304001
,,,,,,,,767409.8206865158,0.2378175683186012,479735508.5774485
,,,,,,,,521810.4342610603,0.27001559487606785,213751295.56142583
,,,,,,,,261418.3932001039,0.33063409038236663,54657978.90201921
,,,,,,,,611548.6154753618,0.18963383984706655,277401002.5632415
,,,,,,,,535443.263091429,0.18710857954492194,231383001.19059536
,,,,,,,,790619.3046991037,0.24482375247329183,472325658.2260893
,,,,,,,,187777.78106931824,0.3764451158568111,29319144.385618206
,,,,,,,,503075.0760386139,0.24258991316782538,186022808.165376
,,,,,,,,183378.7309827993,0.27767165414433886,27501269.185853396
,,,,,,,,679326.8709823433,0.26878640912779295,370350661.4404443
,,,,,,,,772456.3009926083,0.2984975581224403,474188686.3258721
,,,,,,,,702147.6891737627,0.22098234960888785,362297401.9855426
,,,,,,,,39303.57582559054,0.2181460655830312,1192261.1407409667
,,,,,,,,813029.2016551688,0.24907885629247278,554332155.1143434
,,,,,,,,741240.661811987,0.22688686868643637,448569839.02750355
,,,,,,,,289365.2696742653,0.17810911629754003,61946403.66962452
,,,,,,,,665333.8493331756,0.3190213312031495,358334547.8935549
,,,,,,,,411653.08493817894,0.334603463495746,135998376.50773877
,,,,,,,,580310.2431347943,0.2727014066466008,279925188.85452837
,,,,,,,,321622.7204734553,0.22531635050396837,73881192.21582931
,,,,,,,,19942.466127155032,0.20602204537782545,307405.0844329248
,,,,,,,,751558.6800505805,0.2922798562492389,437656235.02517676
,,,,,,,,398357.50378735363,0.19272541091271456,110375991.38211325
,,,,,,,,658884.5371920454,0.22450685196321343,341290863.6542053
,,,,,,,,389482.47377799294,0.23264108710396497,120240667.49456915
,,,,,,,,13907.267649269224,0.26274804406152824,156387.9588301555
,,,,,,,,779440.1852916004,0.24416958640780173,483573798.4799122
,,,,,,,,622525.3842843071,0.2464069476194552,299318986.5800947
,,,,,,,,10250.288830638076,0.18053791912044723,81717.25340506021
,,,,,,,,706365.8732800403,0.18087847654762107,375546398.53507525
,,,,,,,,746635.1460275294,0.2138497031681483,424654453.34890634
,,,,,,,,563232.6542228131,0.2577351255479429,250124334.21227148
,,,,,,,,747526.9360040901,0.290541801947173,461404401.16086626
,,,,,,,,213035.6525143051,0.3134491119284482,38107383.220482826
,,,,,,,,597751.4550031108,0.20604944301683747,278801657.68074095
,,,,,,,,802805.9848656814,0.24947848723928598,497736506.269469
,,,,,,,,92733.70943144665,0.233969556740531,7250470.996233345
,,,,,,,,783935.2109805758,0.24919389189701893,477236991.3262783
,,,,,,,,600130.6286079923,0.32992427223252957,294683639.19146764
,,,,,,,,676393.2167650551,0.21116969432541846,369237796.0026087
,,,,,,,,697883.9412572104,0.32405049665805413,418041215.2250837
,,,,,,,,708620.1808733416,0.20464193198101072,405112543.1458401
,,,,,,,,347198.75806020806,0.2258690199459423,96497181.59795111
,,,,,,,,669501.4766363797,0.2491841262501337,368547989.739315
,,,,,,,,386115.3376640388,0.24398686061427902,122668399.68157224
,,,,,,,,807147.375074043,0.2304969086745693,490223114.8006906
,,,,,,,,664086.6428093315,0.2016389533235943,343796393.7926099
,,,,,,,,129542.56919408927,0.2997371946412527,13213232.171228202
,,,,,,,,475659.0216464752,0.2390783306134805,168096449.63270178
,,,,,,,,303183.02954392816,0.33224792144219745,73482103.03669336
,,,,,,,,752885.0000971062,0.2830172950913551,459976732.36691165
,,,,,,,,722606.2146238879,0.20673917759345622,387632830.97056013
,,,,,,,,727242.5088496524,0.24956473710438257,418465940.8729441
,,,,,,,,696725.8565144516,0.27575057192071956,403317804.37102234
,,,,,,,,58772.244059207216,0.20630515941906138,2523489.217857268
,,,,,,,,749291.8160667589,0.2482288198799546,438954896.3915438
,,,,,,,,128309.35079992036,0.1650989711741389,12543733.012437701
,,,,,,,,432395.46470896475,0.21761563218927937,148874363.04065925
,,,,,,,,591197.1966497172,0.2486140249648811,273466369.52790713
,,,,,,,,553922.378933598,0.2421697211046872,221664198.0968676
,,,,,,,,387385.6345083732,0.3063141194972811,120738047.58690473
,,,,,,,,810206.5049226747,0.19457139561418016,474221007.3028277
,,,,,,,,552670.9295652062,0.27350554529198595,251796400.49075076
,,,,,,,,49339.63759563664,0.2244902157417806,1961856.367683977
,,,,,,,,569806.4642332558,0.19362249162078526,247467422.96451887
,,,,,,,,498588.8495056081,0.2081489236032319,197478508.161582
,,,,,,,,804334.9578471438,0.2190326794412062,490467194.65263253
,,,,,,,,130579.7375792489,0.2338951692104424,13159782.52926282
,,,,,,,,510576.67351415736,0.1786943177313567,185181099.08874986
,,,,,,,,729400.705739136,0.37036514984589597,434033514.6911199
,,,,,,,,627866.140175236,0.1967683667069794,324217788.07215333
,,,,,,,,624418.6739957059,0.35960608473773203,335440692.13274837
,,,,,,,,361322.81542504847,0.14177541702638888,94867446.02086577
,,,,,,,,807908.4547320628,0.35453041084082376,518950167.9986205
,,,,,,,,476821.5995649066,0.28658996149853533,180954657.10632482
,,,,,,,,672815.5928605688,0.19315108931680022,347515726.4553489
,,,,,,,,549136.3411700114,0.20723770403064035,223221323.35165158
,,,,,,,,803811.4784648815,0.26656160496376186,505358445.08722776
,,,,,,,,597674.9397398458,0.23912712462946065,289709861.00631624
,,,,,,,,650897.4893425251,0.2626326192459105,328469343.59916794
,,,,,,,,744824.8216379228,0.3160749953905649,459154217.187053
,,,,,,,,783754.56445723,0.27787409497967763,454968731.74737406
,,,,,,,,800315.0991249327,0.3120697539308977,507774189.0585178
,,,,,,,,644509.6349363116,0.2898316118262408,337278555.2108251
,,,,,,,,759333.8708199845,0.2514429048132638,466078678.9075179
,,,,,,,,124917.08785295981,0.23695569986069043,13152321.042721754
,,,,,,,,749935.9884965185,0.21828304361484827,448808694.3431013
,,,,,,,,673492.5305817657,0.33007559185128427,375404129.54825294
,,,,,,,,172679.68804842737,0.2632280274907831,22271310.10583963
,,,,,,,,202711.13768113847,0.2773712133033846,33378770.517639384
,,,,,,,,676375.3302769131,0.2670164338289306,357337561.3036759
,,,,,,,,316475.3564446394,0.23395433620185807,79859421.85289742
,,,,,,,,77861.53886249002,0.24000161675349108,4703678.102382272
,,,,,,,,373428.8902654864,0.2678671737650994,107144206.06141058
,,,,,,,,524175.10553774604,0.31063916044750034,227316110.53159893
,,,,,,,,94745.24012960064,0.2799953624946937,7083092.080135266
,,,,,,,,730208.7177455192,0.26714334827043495,397197033.77784765
,,,,,,,,157858.12395917604,0.2328924399979065,21600118.821616128
,,,,,,,,182270.84831280526,0.2150647639297849,26909980.789809566
,,,,,,,,715001.0504263963,0.20086353987530634,379724392.1803389
,,,,,,,,71625.5067946936,0.1940457369005588,3853705.8506923383
,,,,,,,,599805.2698819528,0.34329519024697464,316818911.7020489
,,,,,,,,774518.5572529843,0.23142216624524972,503722148.05937064
,,,,,,,,812762.2727722456,0.2810243562921367,497223572.21565485
,,,,,,,,186654.70659188664,0.2818074528739282,28207464.352854375
,,,,,,,,101493.88360861472,0.20023564316131043,7801334.107197774
,,,,,,,,242680.62469629128,0.2636729425400243,47667767.19659591
,,,,,,,,750163.6724747593,0.30516486745800064,470631047.7825349
,,,,,,,,234495.17115690792,0.2724146262954162,42465255.99845546
,,,,,,,,230577.99232300755,0.292583833322846,40421307.59852997
,,,,,,,,368969.5720011939,0.18305356353477753,103536429.82605179
,,,,,,,,715865.1312590557,0.27059530583755265,385711895.6143078
,,,,,,,,510309.2471153077,0.2446479556505752,219121608.51332247
,,,,,,,,644524.1574927061,0.3327458518045242,353345810.5636787
,,,,,,,,664471.6259587806,0.2661848886777843,350765327.62716216
,,,,,,,,652453.1550724311,0.2717732672874934,330995409.06275254
,,,,,,,,794791.5289314075,0.2663331032407449,512222262.83126986
,,,,,,,,767398.0519174567,0.2431160482593528,455714766.89450604
,,,,,,,,785561.078150103,0.32254276014426736,501589736.1224829
,,,,,,,,546676.4939683826,0.23783304591182144,236647306.49144778
,,,,,,,,791281.0950429514,0.2905846568467021,457466419.9793854
,,,,,,,,174840.83823369988,0.2835966826749929,24230756.5815661
,,,,,,,,810413.3267847813,0.19157290276734987,506081324.4151834
,,,,,,,,694378.9068187247,0.20017440346614357,368126935.30920696
,,,,,,,,519366.8876233564,0.24803344849070363,212800393.52534795
,,,,,,,,784422.7322861092,0.19529173593139032,518542303.39745647
,,,,,,,,783904.3345090437,0.34567845479683235,478121481.8860314
,,,,,,,,549503.9359036658,0.28489737289420775,249143832.80929217
,,,,,,,,539396.4930922212,0.16005897640007283,207896412.40285027
,,,,,,,,609941.5206967205,0.16182039436837206,266512063.2462352
,,,,,,,,742548.608871443,0.29931747722673147,445729774.9443877
,,,,,,,,584234.1937167773,0.3006496706741653,282124663.07488275
,,,,,,,,646466.9334488172,0.19420673772499067,317813996.5664774
,,,,,,,,147494.64736525118,0.252310488388042,17316281.843604818
,,,,,,,,274149.44261675683,0.24664658209690532,56731099.70170422
,,,,,,,,638827.5997316903,0.22329994263509212,327243583.00511193
,,,,,,,,813484.0991522662,0.08982258849029674,474089579.5834556
,,,,,,,,117334.2811097798,0.29989163599761054,11338753.01638189
,,,,,,,,448077.52429317555,0.2629456355656732,158946847.6627471
,,,,,,,,300218.47745977517,0.18339709866895865,68542887.63437344
,,,,,,,,767495.1415724758,0.1750034162411801,446989862.06926745
,,,,,,,,631734.2256224173,0.17982067729533494,301522763.20453495
,,,,,,,,609114.3027873676,0.1871724006298486,276541247.3555924
,,,,,,,,810516.4659311392,0.24015912473450618,513155109.56992143
,,,,,,,,630507.8913742577,0.1953069633006179,314789276.2278468
,,,,,,,,182613.26624075364,0.17084217813314168,26165215.68754472
,,,,,,,,14769.544605128072,0.25176657792701496,170010.52659491674
,,,,,,,,103346.58866425029,0.28674506093742635,8711644.316705618
,,,,,,,,798967.4926240162,0.1919176696337441,480259577.94337445
,,,,,,,,758582.904230578,0.21562214371275115,435290080.6024286
,,,,,,,,739372.3330466881,0.28524853988620935,430372312.7243693
,,,,,,,,655944.4978147027,0.23510223431375366,331510918.864289
,,,,,,,,798125.8181135628,0.21125706368728375,510129271.8939517
,,,,,,,,426159.377274471,0.29213459920518886,141379464.351536
,,,,,,,,497255.2404634418,0.31138899632731454,185236528.83182967
,,,,,,,,178796.53299561798,0.25746026973842684,25872744.80787316
,,,,,,,,225115.51147061406,0.28689869115773814,38801906.864639975
,,,,,,,,809696.7144898049,0.27184626036998527,490318809.24581844
,,,,,,,,634265.0235364329,0.3608189331405012,316744034.3180817
,,,,,,,,637973.511886288,0.17260342673861362,292312429.8279061
,,,,,,,,786587.600171555,0.12340053422360209,445702422.36674845
,,,,,,,,522807.0619395558,0.246553562187283,194811319.16524148
,,,,,,,,154021.59686336556,0.26730378123289655,18420498.86095462
,,,,,,,,768270.9046392571,0.2510926658931624,452107168.76620626
,,,,,,,,288239.06812319456,0.26426148005562106,58832843.07104477
,,,,,,,,531110.1444102946,0.17658457851525688,217754597.00614262
,,,,,,,,642384.390036558,0.2782754238806073,294646176.772052
,,,,,,,,359858.23316842964,0.2707067575295964,99104532.67625119
,,,,,,,,466592.6797185538,0.28313536019280566,160929133.55092284
,,,,,,,,254183.4211283316,0.3176672461908193,51741425.082530014
,,,,,,,,800681.1781562077,0.26559312151196274,524947086.1967917
,,,,,,,,746592.9598358271,0.23758960690778344,447944747.05385387
,,,,,,,,718656.7383276981,0.24384636931213338,383775010.5996409
,,,,,,,,677176.2963126443,0.17500399223941887,341407100.36291987
,,,,,,,,170737.56801888466,0.2173973305169635,22174359.18629958
,,,,,,,,546711.7714640363,0.19592975312892366,231130748.02671862
,,,,,,,,398441.1545179884,0.3030106676842744,120999064.89104235
,,,,,,,,442010.0633135193,0.16290219341932197,137078174.4276534
,,,,,,,,169700.73630979148,0.21122329621904098,22042150.270667665
,,,,,,,,446161.35053926543,0.19552265927071255,153364822.19197527
,,,,,,,,225684.03168301028,0.23818768003377097,39894246.04672027
,,,,,,,,774666.1361652641,0.20549496293319736,478412410.5122346
,,,,,,,,790605.005783321,0.20485726919312794,500690375.5121764
,,,,,,,,321002.7147859018,0.15719812969675467,76408372.27701926
,,,,,,,,674170.6927305899,0.2369705086897216,342946310.5261022
,,,,,,,,324611.17826546606,0.23889380173222233,86310147.65024686
,,,,,,,,707261.7301215488,0.24091332173153793,402011441.4738425
,,,,,,,,602382.7083383914,0.20608411821914632,263693772.11362284
,,,,,,,,19694.40575304386,0.20863968163245686,288886.53756366187
,,,,,,,,789504.8373861399,0.21310716201625907,489967881.8578352
,,,,,,,,481933.8666266625,0.2158482330816368,185973382.00279284
,,,,,,,,809581.760673766,0.1975671418531251,457138554.9701047
,,,,,,,,650378.6360422161,0.2735680158853187,336044436.07992494
,,,,,,,,787547.1498613262,0.2730316368269535,471199151.84196806
,,,,,,,,813633.482495364,0.18113931572753741,513549823.144466
,,,,,,,,220017.34429692256,0.3386703172876621,41795434.95720345
,,,,,,,,777708.639865116,0.19964711862142182,460225634.1585312
,,,,,,,,601701.7518056388,0.2672794024619215,258741948.30295727
,,,,,,,,777993.1075042922,0.24322188227944963,465728253.69995975
,,,,,,,,231222.73418425897,0.22444453075667992,38958343.593026385
,,,,,,,,316530.24879118364,0.24964541547479463,77277490.64876817
,,,,,,,,415933.9866988936,0.22922322926166497,135143457.99981606
,,,,,,,,526878.4733341637,0.3280439720661932,220349496.90600798
,,,,,,,,80809.64283724547,0.26443005744624404,5172086.455686521
,,,,,,,,449885.738809724,0.28734188321448634,164384947.68382177
,,,,,,,,149401.8881161008,0.25340798525849284,17154841.959078606
,,,,,,,,651513.6604980159,0.2563344998394905,340216350.24702317
,,,,,,,,766231.4486908522,0.2636782288987583,454286805.6240731
,,,,,,,,460795.808980049,0.1654617709775164,151668079.57485372
,,,,,,,,392010.8935546337,0.19408661774903957,112109426.6443346
,,,,,,,,461716.2964288902,0.30593969256427234,174133211.84579042
,,,,,,,,814011.1296120406,0.24871664815886083,496783853.5844027
,,,,,,,,471451.0002916568,0.22128360699857336,169514505.1524277
,,,,,,,,807281.4247337871,0.20654064234638078,479941548.0015385
,,,,,,,,323433.4294133516,0.1972680669432524,83232353.56195806
,,,,,,,,693541.9308768328,0.20017138884622648,354968394.2827114
,,,,,,,,751495.3926433969,0.20740045758475983,390046363.0778654
,,,,,,,,703478.5192301045,0.23152763417632619,360089890.7700582
,,,,,,,,174666.61335587586,0.31132892335763185,23944285.1557458
,,,,,,,,45415.178877319886,0.19882447938861408,1541231.5117815118
,,,,,,,,757825.7224074039,0.2384885291855428,420229785.9658965
,,,,,,,,773442.3315172341,0.2547629559313077,476404157.817772
,,,,,,,,785048.0281283768,0.2750906612380577,504078185.7376772
,,,,,,,,734360.6821028916,0.21328653634531966,417032582.5019593
,,,,,,,,752869.0625359989,0.2338135586648079,444845358.65540063
,,,,,,,,506317.8161406607,0.2919291976958832,223169653.98200467
,,,,,,,,765570.1701792175,0.2851822521099808,438792847.27121013
,,,,,,,,681764.8606174819,0.1810420861647373,343807948.7932551
,,,,,,,,668228.0811819609,0.2273865552227485,367828052.1274788
,,,,,,,,803997.3572063377,0.30670659296050107,552461881.7738274
,,,,,,,,730415.5513067424,0.1494192447151399,417142595.28762907
,,,,,,,,565533.9285701946,0.23177789256180298,242855673.45900875
,,,,,,,,771016.6455660803,0.24213280088683795,478743517.4852742
,,,,,,,,240116.8276303867,0.21121065993256563,45884911.48889284
,,,,,,,,446527.47640444286,0.2876985924773285,152014279.79091874
,,,,,,,,719936.4002760549,0.2592682456410365,413538142.6884606
,,,,,,,,676776.8540446976,0.2834503372843273,381343459.4712153
,,,,,,,,758296.4466934461,0.19470486617568275,437148506.89100087
,,,,,,,,676550.4774703393,0.30181541414178903,352725505.5077785
,,,,,,,,761986.698071898,0.25442036719312777,428101893.28265697
,,,,,,,,432067.7356655378,0.16437892792678024,143748781.63306764
,,,,,,,,85685.0189261586,0.24240621519495026,5412990.303684872
,,,,,,,,668490.1429208036,0.12025819569400337,331591243.5339035
,,,,,,,,732880.8753002011,0.23329694148539065,432897785.69207686
,,,,,,,,577142.1060541784,0.17145199426562854,234801600.11659265
,,,,,,,,814049.7443460947,0.21999197242626403,526068263.20172155
,,,,,,,,540416.3951565991,0.2271812986974917,232086507.82245412
,,,,,,,,455123.57084362424,0.25607588432963696,166417920.7636229
,,,,,,,,386134.37679859175,0.23545043236998503,111586567.68734367
,,,,,,,,107714.22462608624,0.15172752681114504,8443403.344545526
,,,,,,,,812689.7455256343,0.17053775565246312,505845573.0272884
,,,,,,,,703678.5994884857,0.20804546789243367,393672231.85009366
,,,,,,,,153642.6907931526,0.25820856102608897,18496293.342020337
,,,,,,,,7328.663526613204,0.18180859982048658,39640.280006795285
,,,,,,,,213684.5722674565,0.3274456773529098,36269148.27045028
,,,,,,,,652377.6227540402,0.19887236873629532,330704374.0582267
,,,,,,,,479241.71615633613,0.23736885922507844,182091106.87824148
,,,,,,,,39738.94853654101,0.17821184201507048,1194461.295256722
,,,,,,,,811695.9515186618,0.2714706004690253,527422027.8939078
,,,,,,,,688291.4102352398,0.2660918658281907,354047511.98003346
,,,,,,,,690955.0703935194,0.15407905472636083,359094328.9338709
,,,,,,,,813914.6952883248,0.17416441240365446,542770043.2437181
,,,,,,,,760801.5557444912,0.17874211736902593,417220251.32369673
,,,,,,,,333450.7820418104,0.19725207096484607,89870657.18825585
,,,,,,,,558001.560305049,0.24536071691969366,245109082.91942346
,,,,,,,,492201.7712469248,0.2471120908770975,186702072.62407428
,,,,,,,,118481.24662384686,0.14879884806476223,10510232.068425208
,,,,,,,,806116.1853428467,0.24587318093952912,513975787.6842716
,,,,,,,,45605.86922529798,0.22502051350211866,1519454.8472084985
,,,,,,,,596045.0941749656,0.29562753244639256,287034603.50544083
,,,,,,,,416603.0047578245,0.3218204490843128,141217678.1388277
,,,,,,,,714605.4215669458,0.3267773194984537,400465170.88203573
,,,,,,,,328971.91333409864,0.25874125613403043,87244481.08850153
,,,,,,,,723068.2641796898,0.27080453890672024,418552252.2265949
,,,,,,,,622243.2808996704,0.290543539750972,328229556.2968793
,,,,,,,,605957.8177493396,0.2646375330623121,296095885.54432416
,,,,,,,,409754.4010163367,0.21293683100715752,122650000.12360032
,,,,,,,,468496.00689888635,0.27258332951171704,170711170.2254363
,,,,,,,,184795.06563217132,0.21866836508099896,26965116.648881283
,,,,,,,,379000.685080912,0.3700416005838891,112674933.00127257
,,,,,,,,813733.1013298441,0.22520883770940772,517689849.9529035
,,,,,,,,806417.9368426786,0.3025417765116281,528877449.0871359
,,,,,,,,611148.3299394229,0.17775506230034085,267612857.36456853
,,,,,,,,742422.8080281054,0.2057184732746288,402815681.0042537
,,,,,,,,397086.50723744655,0.21239783807295695,120207794.57454537
,,,,,,,,219133.140627864,0.26790294681592425,38999807.81480181
,,,,,,,,269204.15035361383,0.21437102451972045,56566201.794776365
,,,,,,,,743016.1875331948,0.12814669501708625,395890218.0987088
,,,,,,,,694448.9747608149,0.20594755150702568,345110027.8843322
,,,,,,,,446907.90377730853,0.18633549641866687,154712089.59187615
,,,,,,,,813569.5534889858,0.26294977743543096,510159111.97747517
,,,,,,,,795635.8213364803,0.27762399227547085,485366658.7979645
,,,,,,,,810884.3463509864,0.2892451801102402,496305241.67861193
,,,,,,,,768818.2355988456,0.1890713406182446,444498088.6084284
,,,,,,,,806671.1990253688,0.21112865021968308,459261769.5790352
,,,,,,,,403072.22830794123,0.22380695436261866,122502009.013129
,,,,,,,,719007.7129901483,0.261127649076894,421798279.661497
,,,,,,,,735262.6657381271,0.18218683905855532,419872865.1142347
,,,,,,,,24557.30848424861,0.1799598996956562,470434.4528148964
,,,,,,,,647538.0805985936,0.16698255379759713,310106145.31007284
,,,,,,,,736639.1939061482,0.3680052476191848,481006791.97493684
,,,,,,,,98650.29125979012,0.2708880681279527,7206628.977731716
,,,,,,,,530405.4607704504,0.17811925969570797,209728509.13926002
,,,,,,,,739016.6237720022,0.27222849602106236,449700036.19593227
,,,,,,,,686898.452085024,0.23797230811263967,371786087.9750508
,,,,,,,,439669.86819137324,0.22815339107651839,154013922.90576962
,,,,,,,,423450.4548364878,0.3085653592151147,145364270.15880305
,,,,,,,,540864.3839247354,0.2532843741089145,235630500.8977903
,,,,,,,,811953.1141221653,0.1953797653138432,524375545.91515607
,,,,,,,,799889.9096267057,0.2224301830348364,501741262.21378994
,,,,,,,,810056.4909813603,0.2766848576661652,539220210.0909592
,,,,,,,,496910.6273342954,0.28307676420272354,201300799.97374645
,,,,,,,,665359.4997928286,0.24593949431704135,332154791.6258247
,,,,,,,,237673.17306097705,0.15488418420531766,42592836.76064818
,,,,,,,,366972.42715053365,0.24495706430690625,105459063.09120008
,,,,,,,,648500.182784152,0.18202444017147568,327105187.8397886
,,,,,,,,121670.59720563491,0.13482328097280796,11014064.279509364
,,,,,,,,674620.3762088792,0.18880352077032406,340186113.91270953
,,,,,,,,810605.8668504071,0.26557393912804744,501975965.5981992
,,,,,,,,617472.7826050887,0.22873907923704373,278074678.3357727
,,,,,,,,782831.0235095243,0.22490073875824437,444149109.0809108
,,,,,,,,501135.5614197701,0.2253937858929299,185102444.7561241
,,,,,,,,672528.575230692,0.2784490927665213,347852278.71680224
,,,,,,,,287264.489767389,0.26642385793621615,65125107.63175815
,,,,,,,,598302.4603559698,0.265226090895616,287211835.88188124
,,,,,,,,43303.98523157415,0.22656185954527316,1527612.2917939026
,,,,,,,,450686.03912238684,0.29802639173499773,161863814.24903974
,,,,,,,,809350.3833442206,0.1650135500003741,479645225.9827411
,,,,,,,,572033.8492977731,0.1683622620678185,253590718.30776706
,,,,,,,,406250.67584592546,0.23926818347405038,136008110.82881474
,,,,,,,,12939.19450828044,0.22929814932848222,132073.84106768653
,,,,,,,,380952.3196075232,0.27935868217326854,110983902.76960468
,,,,,,,,337960.5170007259,0.214497882841428,87145907.72370794
,,,,,,,,673459.5239347949,0.2899935147196962,340883944.458386
,,,,,,,,711677.3308635592,0.12659060895788637,359772961.845446
,,,,,,,,156885.99450347337,0.2418856070008312,18589274.473291814
,,,,,,,,63122.33161335647,0.20916484018428275,3189884.6896814792
,,,,,,,,386561.9754009084,0.22091185216462,115621642.90867473
,,,,,,,,812937.4926963355,0.23304456455031589,543326570.8833269
,,,,,,,,774997.899053653,0.20504919037867708,448209650.323673
,,,,,,,,56878.66553391967,0.26375355928692323,2456466.385240855
,,,,,,,,795117.24856609,0.16086421458276273,473826859.72489023
,,,,,,,,253254.08551264857,0.22232141614819853,51071607.341426305
,,,,,,,,483508.10739532526,0.24829108456132742,186261472.75002417
,,,,,,,,514822.66802604415,0.21646024657297788,199772774.5946812
,,,,,,,,812745.4139615885,0.19536684401621604,507082332.3698582
,,,,,,,,335045.7647001683,0.17059282448681695,80032895.75642496
,,,,,,,,802985.7037245226,0.21961468615963817,538957664.5576459
,,,,,,,,69065.36685859943,0.2383781671418231,3795804.6618380793
,,,,,,,,115665.78472729596,0.34628885571882867,10416658.958068404
,,,,,,,,645495.9579488264,0.23697282199473035,327911637.46336126
,,,,,,,,379548.67492417817,0.17988423279310906,108599890.43915696
,,,,,,,,312094.9262071652,0.11603414377207419,69203403.75875798
,,,,,,,,796271.4634007874,0.22371265875110466,480698376.6433441
,,,,,,,,297077.5196075326,0.20774861260240335,68920712.33386105
,,,,,,,,780301.5632344884,0.21932516002890176,452982670.86905044
,,,,,,,,814063.5459595261,0.2664777349203007,542648255.9371544
,,,,,,,,743603.9450827206,0.20377895486622294,444081453.53768927
,,,,,,,,604604.3737684685,0.21716547131317046,266737410.08384454
,,,,,,,,809985.1274961627,0.14463169068728973,480326424.97327083
,,,,,,,,461472.30469897285,0.2100273228011069,164231411.79016834
,,,,,,,,463565.52913188183,0.286567379498905,166693291.79610172
,,,,,,,,489423.36130160216,0.21049040882148146,195520926.04535055
,,,,,,,,757396.4858688476,0.3277207889782827,474132232.09730154
,,,,,,,,722665.0288576101,0.244084473337109,424176304.78485656
,,,,,,,,544733.6913737843,0.2968860225324972,241273687.75129774
,,,,,,,,794891.2235865032,0.20696913216453222,488289665.8465707
,,,,,,,,548071.9613767562,0.21179936929274495,243228346.53916064
,,,,,,,,238611.0615596099,0.20486333746230107,41992061.13135437
,,,,,,,,775928.3286346942,0.2400143962268003,479401087.6975153
,,,,,,,,780511.7073315005,0.2368615001020395,454499339.9011786
,,,,,,,,90656.84154320043,0.21882888237245435,5904564.329697668
,,,,,,,,812110.5963105166,0.2356151182067277,536258836.39847577
,,,,,,,,294380.9263175669,0.16779261742875776,62203533.71208525
,,,,,,,,587363.1784017181,0.2098768881075706,268236965.5718329
,,,,,,,,618677.4732678205,0.21760981641957688,279641565.55796236
,,,,,,,,482076.76660677214,0.2310267930876581,174623804.10368952
,,,,,,,,629107.4036092681,0.19951931317984486,298303311.3648052
,,,,,,,,808938.5109070112,0.20026001476669428,484001862.2287221
,,,,,,,,779513.3868049578,0.33184793775636895,517376386.15648085
,,,,,,,,786246.7571089062,0.2987406112074907,516180196.2668388
,,,,,,,,681256.4105140299,0.29076824682938407,348398447.5406488
,,,,,,,,631865.7847644188,0.22150989488442474,287678719.19842625
,,,,,,,,664547.9619889867,0.23792891376932682,356334613.8401459
,,,,,,,,714905.8705657679,0.16399232387941906,378298692.9546893
,,,,,,,,679733.9907183186,0.32984199349326543,392946391.15860176
,,,,,,,,74220.50617141732,0.22819444542088926,4183547.8574292623
,,,,,,,,213895.47138855554,0.1944755243889256,36424058.330267236
,,,,,,,,809181.6440740875,0.2835213262185615,488510908.5318957
,,,,,,,,800122.1493399863,0.2566760922361392,494564942.4784186
,,,,,,,,649628.8049719186,0.23398514014117816,309671099.89062154
,,,,,,,,812373.7915081002,0.1945566212674562,495488975.2507565
,,,,,,,,799375.6564070692,0.19659793164453854,475718546.68172234
,,,,,,,,5205.518658564587,0.31244756429948567,21138.311085173085
,,,,,,,,750945.02511257,0.21765282653196094,423808413.3506828
,,,,,,,,811115.4797148062,0.23802177690571372,546991988.6880002
,,,,,,,,770201.3984782211,0.23825662886013843,477280929.15220726
,,,,,,,,652860.3407502116,0.32352266696585996,338157848.7172437
,,,,,,,,809448.7851912602,0.2658283909499658,484528142.96644306
,,,,,,,,573434.3382666202,0.3469802527266154,270002644.02877134
,,,,,,,,725771.9679167124,0.3247881061774926,445948455.47482806
,,,,,,,,251018.1297797504,0.18496073837828914,47287720.84666247
,,,,,,,,517238.1526073018,0.20464663117695178,209741538.61535057
,,,,,,,,707602.5498750644,0.20715724258982987,374706123.4116546
,,,,,,,,467214.2772763762,0.17279793568421165,166392342.94976398
,,,,,,,,694471.7848952053,0.22664368238760227,357300232.7616335
,,,,,,,,579284.074821967,0.28187924925199637,262961939.44814456
,,,,,,,,763602.3015078169,0.15684669319467692,424051078.1250717
,,,,,,,,804376.3743760799,0.19871513627503123,489834516.351344
,,,,,,,,76209.2445213365,0.21231103796655998,4551919.280375116
,,,,,,,,780871.9664561132,0.28721684618653864,497562085.5293536
,,,,,,,,811610.2339217566,0.28288537118680984,523779441.9747958
,,,,,,,,130918.92693510329,0.16102219316837332,13712444.373466756
,,,,,,,,77254.75581185849,0.25807246488882235,4664724.878067902
,,,,,,,,751512.0760554865,0.21774897386303016,405805564.9187728
,,,,,,,,36304.706932793706,0.21558402034529006,976235.5529135765
,,,,,,,,765530.0049759735,0.24211666750030322,472902302.91334647
,,,,,,,,561181.2628487026,0.24630231886433285,243894365.6268479
,,,,,,,,551938.0653752212,0.22007284168161223,227394547.32586274
,,,,,,,,807191.0512228605,0.2759058930865681,482515812.8276477
,,,,,,,,179436.97684093352,0.23486199877163236,23236187.690633312
,,,,,,,,268047.86767603137,0.1598275650714259,54869054.28371264
,,,,,,,,689439.9082478645,0.2610547082361644,382687319.07150716
,,,,,,,,807143.9056647778,0.18607421520127607,485822241.46067584
,,,,,,,,798930.6020667857,0.25240275546024815,497679793.19844556
,,,,,,,,489998.3398326506,0.23210369090551788,176234809.4759575
,,,,,,,,362518.1511669526,0.30034666598778326,105599487.69005425
,,,,,,,,170650.21851132644,0.2325584716466583,23185280.22844491
,,,,,,,,408032.3885779974,0.25836300037562976,127285250.77501304
,,,,,,,,259952.58969994896,0.25768998606524346,51123456.80756476
,,,,,,,,193317.69418377333,0.23219461138330644,27932143.562674593
,,,,,,,,263066.346136395,0.22948735798857503,53420781.52493189
,,,,,,,,718766.3405087943,0.2999846867371817,441170127.74717945
,,,,,,,,699831.9118685558,0.1896608079262032,374651007.8062556
,,,,,,,,410436.8566990315,0.2262735758294937,128266789.90381177
,,,,,,,,763209.4282894557,0.23637449150662837,457632595.82411593
,,,,,,,,259528.30028071845,0.25111013864702797,59357712.58021456
,,,,,,,,589815.2606471202,0.23350387270699466,261417450.20312917
,,,,,,,,811820.9424412223,0.32156846437738523,549764699.4599994
,,,,,,,,226114.17136894877,0.20063768219379,38820079.86020911
,,,,,,,,776205.5560919791,0.2854485200610068,482640790.3023363
,,,,,,,,755575.3826212097,0.25577342269042747,455708759.97826403
,,,,,,,,102306.14148882356,0.2273901147499262,8100170.014950765
,,,,,,,,811577.743976428,0.19228569394097839,464324417.34929156
,,,,,,,,78022.27459418823,0.28118593474625064,4685793.042636917
,,,,,,,,793240.99632985,0.24014831162072015,501825318.39315873
,,,,,,,,621333.2729553252,0.14150101369878668,312899704.5417444
,,,,,,,,809328.5079279963,0.1784309774061447,494724961.38615733
,,,,,,,,40873.05373744883,0.2037679428962036,1302485.5488513268
,,,,,,,,510653.2231992448,0.27194173654916104,203950791.69538856
,,,,,,,,678855.1973012588,0.19766633756921692,355934088.9931074
,,,,,,,,733452.1272455946,0.23317582224950625,398924841.6696061
,,,,,,,,288085.9695068941,0.17844094157979237,60963814.71780459
,,,,,,,,693126.2657141788,0.24603906955765129,365078558.8650191
,,,,,,,,461593.6233700655,0.24185725690879856,167717535.01111186
,,,,,,,,413087.26961040596,0.18570650162118724,131428704.32455519
,,,,,,,,34725.95326461214,0.2834309354425353,1005013.9261274429
,,,,,,,,192086.56976011055,0.31791652615175364,29278354.321279056
,,,,,,,,700974.4241437961,0.25785030636446504,400515800.85587513
,,,,,,,,514475.5195788001,0.32618843001448317,214350211.8916057
,,,,,,,,667719.8918304481,0.28622788533926924,356942199.7188624
,,,,,,,,770434.772840013,0.16973387538987855,432248062.3307261
,,,,,,,,238982.167188617,0.10601576853825319,40932178.88518007
,,,,,,,,589266.3663958525,0.26086146054328224,292243994.91724616
,,,,,,,,659659.2493195753,0.2451455067551626,327837779.6247309
,,,,,,,,749477.0262720641,0.2095965438054672,415306531.78548545
,,,,,,,,810331.2891902126,0.2497569615511498,466057206.9922774
,,,,,,,,815079.7960220302,0.31031750368953676,547455443.81887
,,,,,,,,813057.4240241287,0.263452637214208,543698813.8833104
,,,,,,,,58748.43141279097,0.14032272609103688,2497420.772548867
,,,,,,,,119538.81806430196,0.2142895293206661,11442968.8577699
,,,,,,,,768487.6698536588,0.3085345250896368,445383508.3373551
,,,,,,,,765069.8258131423,0.2836582787506598,473739779.35760325
,,,,,,,,743362.7435846186,0.24557570959052938,415504845.1964198
,,,,,,,,77789.7780795522,0.27235791932256703,5043382.222866854
,,,,,,,,741202.3970862915,0.14189913563311415,407646564.37949526
,,,,,,,,78160.75948879964,0.28309240335540925,4870442.800258536
,,,,,,,,623398.2802036165,0.22532014678752385,297599152.99806046
,,,,,,,,570003.6577803626,0.22393071855933674,254962543.49672544
,,,,,,,,274135.5296161784,0.20198416609962813,56383986.672171734
,,,,,,,,52941.022464797956,0.27512564139340395,2240253.303022128
,,,,,,,,759609.8485883818,0.3076278237276429,438026758.70530057
,,,,,,,,236882.12929055654,0.30728377499267623,42675384.45231024
,,,,,,,,725653.4357633922,0.18225354551789053,404716715.052413
,,,,,,,,108290.67665790743,0.26285871175922293,9581951.712041568
,,,,,,,,494833.86773409817,0.165512911159939,180735466.93829235
,,,,,,,,702047.2025423892,0.24064164248721454,404164493.7742925
,,,,,,,,811006.4483815883,0.33633096569199755,546585865.8661544
,,,,,,,,624585.5051230454,0.1685716466889101,265048552.7500691
,,,,,,,,353361.9307005186,0.2292606137400021,101413871.5215401
,,,,,,,,1026.602864010234,0.22071807076189645,794.1039728306214
,,,,,,,,253147.47734685475,0.28286502187262036,49492820.41522313
,,,,,,,,195241.0122901193,0.293845308085694,29513603.440969843
,,,,,,,,788442.4816723589,0.14878464138172545,472263748.9433347
,,,,,,,,689197.8050234484,0.19309767354832819,371364609.7806774
,,,,,,,,397500.95720476017,0.21311706529209004,126434630.52746078
,,,,,,,,501610.61231284146,0.27153669784583667,190676374.13784355
,,,,,,,,250812.68546853718,0.33803372788847846,52388262.70446856
,,,,,,,,719149.8444602982,0.20672543425283835,410289931.1125652
,,,,,,,,704552.9546722167,0.16457542404803802,375904306.7682259
,,,,,,,,764030.7219502871,0.21102482645971588,440437732.0779127
,,,,,,,,657712.020836458,0.1850384740413179,317923383.1499122
,,,,,,,,333203.7872647946,0.258980350994512,84677173.88839771
,,,,,,,,788424.8893109652,0.21815089121879044,453491093.6596417
,,,,,,,,788039.3829782422,0.21542079308282108,486405804.72139317
,,,,,,,,510153.0206348367,0.23601103271570967,207970929.05818433
,,,,,,,,493431.78888887056,0.2596845398070382,186558445.53529647
,,,,,,,,198146.4669010937,0.18545729274496328,30134577.753406286
,,,,,,,,570697.7360825727,0.25960239118537815,262698085.7988355
,,,,,,,,380465.6701687403,0.23491550706705952,116331759.5405069
,,,,,,,,537219.1594125811,0.21463225091078594,219994733.68266475
,,,,,,,,646915.9667216977,0.30516949270518423,324747382.43036085
,,,,,,,,456066.69292231585,0.2762831778508358,169535406.9398576
,,,,,,,,784309.4167664307,0.2392086692058733,502290501.54486763
,,,,,,,,457751.9497904089,0.24274113843671638,162447375.8628101
,,,,,,,,182911.77032282588,0.1992635025623026,27229737.197751477
,,,,,,,,775173.7614988097,0.276150906291638,482434014.87172383
,,,,,,,,799147.765321599,0.23512617201593883,485120853.8273741
,,,,,,,,605683.3790651518,0.27132027147988824,306996580.69291526
,,,,,,,,427658.7576692593,0.2698142880704917,139388898.8934098
,,,,,,,,813187.184906657,0.21382247586910094,520787412.41605
,,,,,,,,229321.602072856,0.3106807466713658,43303914.8499494
,,,,,,,,424799.63913189445,0.21908302259775198,147651941.0218099
,,,,,,,,677080.5649099563,0.3179639808785684,380117876.38425225
,,,,,,,,541264.3175242245,0.1967194941045554,225733086.47533822
,,,,,,,,810751.4045759785,0.1507599677940166,488416310.27268744
,,,,,,,,616763.6286446493,0.2716898136831957,293522131.0953074
,,,,,,,,781108.3642616419,0.255751431317552,460158690.8738604
,,,,,,,,793442.765440809,0.31397912122057314,497888899.30875075
,,,,,,,,687245.446014985,0.17569066724515472,356784042.26151437
,,,,,,,,265676.78741876385,0.3083977722789729,55879244.96582934
,,,,,,,,36411.63609497867,0.371634123103666,1057097.3410875925
,,,,,,,,328700.644065195,0.1805315041800172,78277706.41784441
,,,,,,,,549555.3052295006,0.2567985159812892,253366894.1763881
,,,,,,,,727774.2377410409,0.20238839135742445,396666586.0074743
,,,,,,,,804533.3140764207,0.2844744505901296,501173325.63930863
,,,,,,,,750137.5926982396,0.28602978627861597,463150316.2376131
,,,,,,,,791808.7418172543,0.26945163302042696,491715404.96820784
,,,,,,,,271116.2461994559,0.24114556115492744,59228374.43800826
,,,,,,,,404443.7967277366,0.20801598114594658,122644745.40243629
,,,,,,,,723278.0068549531,0.2628720937947938,400256072.91107935
,,,,,,,,552476.5290859201,0.1727204470413763,230347329.05922565
,,,,,,,,497786.28054113704,0.3861370198043419,218237433.9608166
,,,,,,,,744092.192434224,0.1972609949098331,442684920.4826722
,,,,,,,,723438.8151138469,0.2564457102617857,422384075.2246661
,,,,,,,,224863.4895981253,0.20198147693337787,40917825.92622276
,,,,,,,,483440.53305942356,0.21251791378146012,183927433.5515674
,,,,,,,,590536.7190664621,0.269144233344497,275488724.59604865
,,,,,,,,130154.63231760569,0.1763332574098295,12627833.613394782
,,,,,,,,127201.15923134323,0.24696998566523876,11687488.698523983
,,,,,,,,801414.5890824873,0.33336128367545265,503920892.1475452
,,,,,,,,243280.18163869288,0.2603262631775213,49580981.8204625
,,,,,,,,630695.6130687139,0.306926303993293,289668864.44834113
,,,,,,,,3196.374707663732,0.26321383592503617,7917.4763525739845
,,,,,,,,666733.0874675256,0.2608879215880856,350330935.99128836
,,,,,,,,282995.3606454283,0.22405248021232343,60733918.52097779
,,,,,,,,180386.16008699336,0.3317393493271952,27547057.254931875
,,,,,,,,792719.7223399894,0.1789607552250152,464060976.3581514
,,,,,,,,472927.10061053024,0.20623011808762912,168798286.04262692
,,,,,,,,449304.31354125665,0.17450889264027677,158792641.5659036
,,,,,,,,2207.3839286364105,0.21875009746912866,3943.917816221856
,,,,,,,,224218.12835296863,0.2844906877315569,40842437.09338452
,,,,,,,,559461.019216415,0.24333417077855218,243083642.26797765
,,,,,,,,216052.31814102075,0.30409907457807844,38921719.9104864
,,,,,,,,744816.1225293978,0.2350491976815745,430220191.5251238
,,,,,,,,437398.48933072126,0.21289586870145435,149109889.5691614
,,,,,,,,315170.99238803686,0.18722461389141176,72083646.36353077
,,,,,,,,219578.28077249313,0.22273990374864322,36302349.01236705
,,,,,,,,418736.074212811,0.24727846727180053,138921966.05135712
,,,,,,,,794685.8157912192,0.2997266984711258,508279090.25451577
,,,,,,,,267236.08710704115,0.2816351786142525,56787309.961538166
,,,,,,,,696988.622043177,0.2123081486775618,368145801.552212
,,,,,,,,798008.5636785981,0.19801211218630896,520602067.792336
,,,,,,,,794644.8685705664,0.2898326194614571,447805990.686615
,,,,,,,,641228.88693516,0.23604690589663735,304392024.6626632
,,,,,,,,333015.21499767684,0.34095759344665777,87412748.80289039
,,,,,,,,357628.37862140907,0.18434276534175492,97512819.14728706
,,,,,,,,93009.21368467435,0.24828229614998648,7171614.854944305
,,,,,,,,732074.0620606334,0.35325267727098913,446379911.14903
,,,,,,,,617813.9607380176,0.2620304862336747,302188645.7704707
,,,,,,,,686665.570537111,0.23630261011332146,365760585.59875554
,,,,,,,,699939.6408762059,0.2689363355898673,392658500.53690153
,,,,,,,,583409.5764347757,0.20781688585654315,265181154.45162037
,,,,,,,,403720.96013550594,0.32027277394930465,134020851.3409979
,,,,,,,,365976.96842933743,0.2799659482990278,107813715.84040847
,,,,,,,,70645.06023812522,0.30684224243851416,4108055.7862763125
,,,,,,,,705685.7926389298,0.2016345896420948,376758870.8958298
,,,,,,,,789867.1955102318,0.28310158910608024,507501548.23109686
,,,,,,,,588106.0513318954,0.29945066635059187,265517721.50353935
,,,,,,,,49165.535987806026,0.30385663413603486,1846243.284207348
,,,,,,,,537702.7505903485,0.19560546023962327,234716652.2005495
,,,,,,,,686551.4743176999,0.14312910744878568,330482021.8831861
,,,,,,,,157864.9531445091,0.26086618574797754,19660954.2596862
,,,,,,,,798296.644668949,0.17562617996830407,500500787.6622423
,,,,,,,,25370.9575027067,0.286062764298559,509418.8655248086
,,,,,,,,72007.7561803722,0.23069664472723336,4002058.0711678076
,,,,,,,,291581.210523423,0.21861910502576112,64982730.57995496
,,,,,,,,181144.03725428175,0.3188308199231002,26625617.158999182
,,,,,,,,745035.707243774,0.2065749419696499,442354771.08039135
,,,,,,,,302960.54561619594,0.19114247777716367,69545137.54651508
,,,,,,,,320943.7281811465,0.24453542653043234,76877032.85237409
,,,,,,,,252796.83696294483,0.29669630191738466,50507218.04952199
,,,,,,,,496442.30115886545,0.24198564093759575,185587876.6607678
,,,,,,,,401688.01479479205,0.23017180530460446,123656211.71994804
,,,,,,,,216449.35025787534,0.24621234331487557,34448765.845427684
,,,,,,,,333598.44103024073,0.2409503901287857,93954786.16735306
,,,,,,,,729927.7179255516,0.2508859420721007,421427834.9236515
,,,,,,,,601488.0598410447,0.17743765853784121,260754904.7766274
,,,,,,,,66972.16710715285,0.20407475592038857,3321873.8551216214
,,,,,,,,314622.95224081614,0.25024903631233547,77281343.4472764
,,,,,,,,102770.6893078718,0.29131305582760797,7974983.850154907
,,,,,,,,755233.4900357412,0.24003700178406157,434571743.54634064
,,,,,,,,794923.3888512586,0.18648933904502915,469837594.09387606
,,,,,,,,674647.3294277812,0.23664384666495933,340080084.2665128
,,,,,,,,811861.7503403621,0.31366413648539343,514359711.3708011
,,,,,,,,391100.2295330812,0.2746502415072626,119768283.085729
,,,,,,,,18152.28335306406,0.30748988694998375,265268.92638226034
,,,,,,,,440191.3445800281,0.28536200420126495,148953882.6425511
,,,,,,,,325560.4014845391,0.18977030048266766,81263034.26302885
,,,,,,,,506006.3629179797,0.26144465139691186,199516543.40747842
,,,,,,,,720903.2552169823,0.19608478927263115,402291061.50546944
,,,,,,,,756721.2473682899,0.2005298140399757,454281366.4993077
,,,,,,,,353584.4588106014,0.2387890730486512,93765461.51441129
,,,,,,,,631133.5974393811,0.2973548518436723,321427735.93527395
,,,,,,,,490917.4102852526,0.2263221166209127,180269950.98756936
,,,,,,,,394560.881818247,0.19477240103335408,130833977.17798351
,,,,,,,,612822.1062908093,0.20842294514515383,297697389.5716666
,,,,,,,,137439.34563842768,0.25639144293017224,14745550.174677927
,,,,,,,,609944.8625942784,0.205412509626686,271916727.2293748
,,,,,,,,95775.98511978668,0.20925038050833958,7306053.281033823
,,,,,,,,155965.2733957694,0.2414152687127005,18688611.884900805
,,,,,,,,769383.0838028442,0.2904095095182883,433144799.939496
,,,,,,,,288993.8948198191,0.2579791508164727,65126336.48738206
,,,,,,,,609838.4014100744,0.22093175665823114,302320245.4042203
,,,,,,,,407205.2190120698,0.20365865798602487,124259349.57599373
,,,,,,,,284202.02817241073,0.2335378431249517,62089133.713699676
,,,,,,,,804815.3480699046,0.1727944427758047,499249045.54729706
,,,,,,,,750206.1015734065,0.30726883457900495,429573777.31734884
,,,,,,,,799587.0070174711,0.34770497326741606,519877263.8683244
,,,,,,,,219420.3174086788,0.22921907048287446,37198212.32272593
,,,,,,,,662660.9719232449,0.2845194184137057,362097331.5802019
,,,,,,,,252522.37607033015,0.24249739923518718,48818147.31751387
,,,,,,,,716680.561654058,0.23193947654982916,409057008.5828292
,,,,,,,,730040.5978290307,0.19858480716786975,436487402.5299494
,,,,,,,,381009.959998423,0.25426596859028155,112527720.7463213
,,,,,,,,368560.9294162349,0.2540152840916184,109610515.18470463
,,,,,,,,9371.616919744993,0.3064332096257598,68755.63419555948
,,,,,,,,750406.4736376362,0.17941083176875422,427444758.2348655
,,,,,,,,814059.0296529043,0.24322680698641427,527154650.71901774
,,,,,,,,649659.3730293983,0.2859154391125111,325781141.6803826
,,,,,,,,444356.5280430771,0.13699731445715707,133050068.34617993
,,,,,,,,720496.6764219787,0.18698149538569867,399301059.13440305
,,,,,,,,813808.1325644994,0.2660685451149714,487052466.02919835
,,,,,,,,334245.8998744566,0.2892228130268579,84859677.24781455
,,,,,,,,503516.1170224996,0.18480048190055848,187828207.35284278
,,,,,,,,807150.9103269078,0.27585163973744475,535905632.22452796
,,,,,,,,452378.2151067367,0.21081309657176087,159561604.53122616
,,,,,,,,392099.9627565332,0.29135508256719966,123726056.8732556
,,,,,,,,292420.0087614907,0.2673615071102177,66649290.355887406
,,,,,,,,263237.47665680764,0.28495602343233606,53139081.748549886
,,,,,,,,813293.4675202488,0.2107102621527259,506605398.0416802
,,,,,,,,241450.2813497401,0.2985116173509148,48027949.5155688
,,,,,,,,805130.5237498566,0.26672280506236806,470616496.2897161
,,,,,,,,74157.42182845014,0.2816990086499486,4203142.812867095
,,,,,,,,544975.7180409107,0.26927683221274523,228836380.23652697
,,,,,,,,219267.9776266901,0.30610133433261777,37743492.46811765
,,,,,,,,760828.9245906364,0.18139887634970694,430078555.1560504
,,,,,,,,742473.8108460256,0.19313727168828154,406305908.45370394
,,,,,,,,798032.3186052322,0.20080574189303524,500281398.9147293
,,,,,,,,636750.4993585553,0.2773801177092611,330966100.6798198
,,,,,,,,478916.76740280056,0.23851316320003038,171326615.75478113
,,,,,,,,670285.5809371974,0.24375231688254906,355061745.06716716
,,,,,,,,705333.8413136968,0.2795756893568272,397219746.6503272
,,,,,,,,793684.465000218,0.29455951667913677,518551807.0622549
,,,,,,,,751493.4568010074,0.24734020062254833,430103637.14817536
,,,,,,,,739262.9492406771,0.24523861463708446,422653946.30914795
,,,,,,,,54236.10489568148,0.30249312969733955,2380390.470067023
,,,,,,,,556279.7738030852,0.33057074826224114,259661001.09672052
,,,,,,,,783823.7626052405,0.20336206619479316,476302846.74649537
,,,,,,,,435990.9679141994,0.24769635898242678,147443628.0494799
,,,,,,,,593480.679619432,0.2458975235939463,267405649.88474327
,,,,,,,,718673.172556454,0.33572530477964785,402804164.51573503
,,,,,,,,512586.722506874,0.25868556826770783,211069864.21215418
,,,,,,,,73902.70755984508,0.30564832959024646,4485589.232997194
,,,,,,,,503643.8015786561,0.31156679489554834,193284500.1183506
,,,,,,,,327296.4039936625,0.17148923194947477,79133188.29598132
,,,,,,,,622455.2639181676,0.21522019081581295,298226594.68588436
,,,,,,,,250053.47936749712,0.18146559309965848,47336822.47578469
,,,,,,,,684564.5544880881,0.29396537462309524,375482696.90795493
,,,,,,,,771330.628587147,0.29451990486444296,468035498.4612316
,,,,,,,,684393.1294787454,0.1883853944820588,347731032.4860488
,,,,,,,,775723.8168685671,0.24443551574753666,460309611.64677346
,,,,,,,,160750.5927963675,0.1823481082074547,19615253.685804293
,,,,,,,,487446.6856057698,0.17447865018665396,183161646.12803617
,,,,,,,,206154.37350277096,0.21068041407198032,32141142.213043068
,,,,,,,,756381.2953170659,0.20684014124185982,450995321.2949001
,,,,,,,,801579.9530045838,0.24811221409907483,504089354.9722294
,,,,,,,,803635.058200864,0.18590278800749827,505202141.8808755
,,,,,,,,134561.84698138488,0.20087893999462525,13431649.547887001
,,,,,,,,809603.5938605287,0.20534028099328733,497989100.2085076
,,,,,,,,410343.9291950077,0.2891990744482262,148755547.57047242
,,,,,,,,183570.5247646283,0.22222306558465874,26454912.21997572
,,,,,,,,127239.37515510223,0.30858335039524526,13259089.72187592
,,,,,,,,608170.1083272925,0.15259630704893445,274898886.9223854
,,,,,,,,379279.7750649092,0.1841097880282,103637611.3160654
,,,,,,,,30477.81498975983,0.2105553816650975,710458.841621264
,,,,,,,,743315.1491934209,0.2448152643962044,429743889.460524
,,,,,,,,362825.8806435711,0.20576871072863742,100219662.24604586
,,,,,,,,812978.1816473616,0.17418426277492324,492523095.74291193
,,,,,,,,349760.420106689,0.24468054512295592,91589538.6400821
,,,,,,,,618984.8165109087,0.2302071982744605,307873721.7788334
,,,,,,,,758162.0537629445,0.20834852661121306,406998614.1090721
,,,,,,,,799546.1239023342,0.3423326364319476,489806031.6387957
,,,,,,,,525250.7845840423,0.3065396270960075,219515496.42579827
,,,,,,,,560872.503059092,0.2772116251948033,245118028.78272444
,,,,,,,,11999.519043848968,0.31169080963740886,109281.37952485838
,,,,,,,,473934.5674613332,0.24570169097035177,176686013.8346852
,,,,,,,,661944.5132529965,0.2633436888184136,358482408.95497936
,,,,,,,,753955.9365496961,0.179953260324524,430071806.7760446
,,,,,,,,814421.879513366,0.22466775124317528,531446923.4310806
,,,,,,,,681143.9703437425,0.2456883620824213,343303937.82926506
,,,,,,,,677670.1656318777,0.18264991316504217,350607382.68963635
,,,,,,,,805785.2868990756,0.2927019062857052,492608960.8905456
,,,,,,,,459239.94280796364,0.2942864352043272,164109868.75987855
,,,,,,,,478233.6504538786,0.19524731551648128,173329881.00177553
,,,,,,,,141330.40640036762,0.3362856599835301,16025858.087034037
,,,,,,,,809445.2373939656,0.24722118173238763,514823409.8807499
,,,,,,,,365461.91088685626,0.33090786230368685,111537609.77333549
,,,,,,,,422742.1273737734,0.2898560571978469,131858979.4854232
,,,,,,,,171766.0889482742,0.19937394536601713,21988648.989210088
,,,,,,,,765389.328816138,0.22556875855029815,449219713.634083
,,,,,,,,793357.1338835176,0.26596258451903665,509614267.0310615
,,,,,,,,229212.21628350674,0.16328146707379815,41136383.086078435
,,,,,,,,659745.626572329,0.2202541131860978,359235404.12492675
,,,,,,,,499932.5308387945,0.1844603098063145,189979819.09016654
,,,,,,,,752878.459574889,0.2488158364995384,421205126.30858666
,,,,,,,,548336.5137577628,0.2592179697501516,230879929.93980718
,,,,,,,,815384.5186018759,0.25951570366503507,466350243.8830707
,,,,,,,,776935.5127307904,0.2818142335657745,499152272.9110377
,,,,,,,,302629.2082183073,0.220640041492522,70856270.00199571
,,,,,,,,554561.5964062663,0.28248889817090467,237012124.32034823
,,,,,,,,110988.01357191647,0.3495890363921076,9849965.655893961
,,,,,,,,787200.6043404308,0.2556207585912584,498758269.6422003
,,,,,,,,3295.3086965817997,0.21250939785677542,8614.998781778542
,,,,,,,,641173.6987121467,0.21658026365815472,297193054.08774054
,,,,,,,,575472.3193138608,0.31456614385898374,262347001.017851
,,,,,,,,777712.7826050231,0.22427412805703945,451162376.11694056
,,,,,,,,801127.9530553762,0.3019699513691647,541229394.5964137
,,,,,,,,16223.849339510238,0.19522028002893932,209423.05719620394
,,,,,,,,433141.6736255617,0.29239334374204295,145895599.2868929
,,,,,,,,752424.7237553499,0.24019848049064674,451870333.2229702
,,,,,,,,41515.93860129053,0.2549537103397285,1376471.9343168335
,,,,,,,,96883.05143729816,0.2681334683549983,7773070.621674716
,,,,,,,,777234.827468162,0.2810288589561661,456795379.91225415
,,,,,,,,773314.1162724663,0.29356204673467673,465231212.25696284
,,,,,,,,812589.419418635,0.2551944716782079,491516831.80644006
,,,,,,,,306561.33820583305,0.21893757023486052,69915882.95122118
,,,,,,,,757035.3681405102,0.28744343073614503,466128757.9006441
,,,,,,,,789517.9303510145,0.2162440008315316,463076491.0014083
,,,,,,,,794595.4798913248,0.21893547313501965,488677792.87579006
,,,,,,,,810910.6625606207,0.3176760794305341,572805612.2551004
,,,,,,,,812335.0090234983,0.2401872162291469,525316347.68359876
,,,,,,,,198475.5262200777,0.30937486599847064,33487124.845898513
,,,,,,,,814117.179151101,0.25160593755448674,510815766.92100644
,,,,,,,,33058.65117613018,0.19434955262314504,816220.7673700751
,,,,,,,,704183.1032523706,0.2478251419154052,407124854.82668585
,,,,,,,,679029.5942269807,0.1899620789515863,368356791.9248489
,,,,,,,,716435.7187287669,0.1800266622336582,377967504.9104151
,,,,,,,,385810.9614864353,0.21254603729366447,113463793.0528494
,,,,,,,,510749.11366239015,0.25632744511254757,193746621.1957297
,,,,,,,,653909.5125626063,0.3323598002866094,333571692.89219147
,,,,,,,,355032.05586993566,0.2991557562560994,97441414.64937067
,,,,,,,,19435.21925441464,0.2838095682782779,296687.80544423196
,,,,,,,,368713.5109320062,0.1964124817595764,100909431.69245717
,,,,,,,,262385.1106345441,0.2854498834301469,55229371.13148137
,,,,,,,,328604.9960684617,0.17159514004349088,77270974.19694574
,,,,,,,,257909.59231772367,0.24831788967447624,51289064.64028967
,,,,,,,,801695.223886354,0.23614779106280775,525225568.4234667
,,,,,,,,598708.2034684627,0.23483677313967863,268964103.66059226
,,,,,,,,295840.67024392966,0.25720066271712566,68354188.44901316
,,,,,,,,561147.8005265887,0.17197020484946912,244242375.88767308
,,,,,,,,479609.17010693497,0.1952195435342527,180653283.8362968
,,,,,,,,263612.4665817456,0.22362480066343046,56996353.296059914
,,,,,,,,815083.8880639618,0.21864544110871995,501552108.8646831
,,,,,,,,813472.2115102789,0.3222054653098544,498793613.8071368
,,,,,,,,300227.1318896182,0.16303642359760395,66641749.85663617
,,,,,,,,98531.03558965489,0.3065723739218373,7481863.790302673
,,,,,,,,191539.97285600088,0.2549339803242412,27632499.14796784
,,,,,,,,508676.29169225926,0.24077029343250256,204912210.06258932
,,,,,,,,798464.3706193377,0.13047112157894578,476162931.5919866
,,,,,,,,480013.0038031739,0.23504934528058827,183259166.83125302
,,,,,,,,668489.496635749,0.2737989452179882,339666867.76141876
,,,,,,,,25725.907735546487,0.15387568026200632,524183.9525926416
,,,,,,,,40269.53631253093,0.16522827720023436,1199736.7960894613
,,,,,,,,519255.01501910674,0.2504168776120535,201635890.9841943
,,,,,,,,789246.9825687003,0.26296445926865186,502010847.4236969
,,,,,,,,813089.1559879797,0.3225514257955407,555569955.8371885
,,,,,,,,645891.3293099651,0.15944625192311282,319836782.6290104
,,,,,,,,310443.40230973787,0.22511991348771884,71085485.4214956
,,,,,,,,668113.658974093,0.28872100086547575,364370691.5911173
,,,,,,,,282852.54326261644,0.31190193938778205,63220506.02522697
,,,,,,,,696688.7531460259,0.21880287880175764,367517915.93464947
,,,,,,,,672682.1216944349,0.22648327287935693,324149299.2867702
,,,,,,,,809209.6965444102,0.19224563985260595,529650087.0814321
,,,,,,,,718820.2444930881,0.2998418960694294,427735767.02935886
,,,,,,,,522547.6921696448,0.1870360227741877,228643037.29891622
,,,,,,,,696412.3066784573,0.21209007384780426,362505982.08911973
,,,,,,,,282194.57100489235,0.22014004573732854,61528181.61713213
,,,,,,,,646264.0382914051,0.25100250532809343,317766803.99709994
,,,,,,,,125990.63465437159,0.18127176093057984,12300019.163209774
,,,,,,,,807742.6969231023,0.20064500624165438,509585615.9490396
,,,,,,,,400974.37998953124,0.17959223586661774,118912762.25642538
,,,,,,,,679168.302355931,0.16463294018152447,341033450.01098645
,,,,,,,,644234.6698671958,0.18874246248033627,311174532.34152806
,,,,,,,,789781.13971827,0.16859228214767863,479533004.2958409
,,,,,,,,811201.9970108727,0.23511407756112984,535786186.96481055
,,,,,,,,727211.7585054405,0.27445513864566445,407716145.2381877
,,,,,,,,236015.84028607036,0.13718958736887285,41745880.9741525
,,,,,,,,452392.5362786581,0.1566781400704831,159674956.88649985
,,,,,,,,796617.8773760984,0.25796709639227694,534004381.7924529
,,,,,,,,343793.45106204523,0.20106750423952477,94594084.15893283
,,,,,,,,406205.7404407024,0.21109604163543044,122602934.04086079
,,,,,,,,146381.5300318734,0.206522708166001,15596423.045735348
,,,,,,,,118489.2788963967,0.18360578122630258,9979994.796604274
,,,,,,,,805122.4098013804,0.20262388969076958,482998968.4281538
,,,,,,,,56914.76927303113,0.202951429542232,2526738.7376747276
,,,,,,,,751089.5190193027,0.19723159339383498,451653406.8798903
,,,,,,,,814477.9869349736,0.260432832804427,521491567.13726556
,,,,,,,,797400.1686469715,0.2209788791230601,494066994.7474088
,,,,,,,,350828.5338754032,0.23914642410787051,91939372.49048175
,,,,,,,,388571.12599944166,0.240219619184664,111819967.93050689
,,,,,,,,480644.7459016053,0.20687305736815217,172200011.8612672
,,,,,,,,380533.78724509757,0.29280346985236444,111047719.9321344
,,,,,,,,738364.005695975,0.2711262721181727,433871295.69057256
,,,,,,,,811688.42712056,0.2933918185577685,565315215.6331033
,,,,,,,,162035.52056804986,0.25683352824091277,19816599.559534833
,,,,,,,,789715.6348226015,0.3172116627007086,481359859.4619093
,,,,,,,,457991.78563244845,0.1194109583991526,149628792.55244964
,,,,,,,,205553.02882834722,0.1025066295161055,30488181.660782244
,,,,,,,,585203.1502133156,0.22320795019802775,263990935.97643068
,,,,,,,,590067.2569368773,0.17915168966303002,248331106.69257668
,,,,,,,,18847.384007403365,0.2348595056181611,286196.22102378577
,,,,,,,,124634.48932068003,0.1964628989013769,11867989.126951594
,,,,,,,,762364.4398701886,0.2546253407404291,444610642.6943359
,,,,,,,,88523.39638896518,0.2448265460480003,6266524.591168138
,,,,,,,,772866.9582958755,0.2936265688644071,480022845.40789735
,,,,,,,,740039.899059031,0.20132559840565764,401603441.45823246
,,,,,,,,414603.7286621181,0.15020639626032242,123337651.606125
,,,,,,,,699772.4414047276,0.222664842561519,396081362.1935276
,,,,,,,,192572.39347143043,0.20091647581469252,29893243.129918043
,,,,,,,,813775.1986937854,0.23962211121684834,530851073.7204471
,,,,,,,,302855.0597075959,0.3175707450167634,75812601.26393244
,,,,,,,,22580.75714801861,0.22608463960849343,384211.9711080645
,,,,,,,,662080.9627181361,0.16649297527143025,319994615.814021
,,,,,,,,511804.3001945111,0.2985945989978859,199077928.5854876
,,,,,,,,596271.925409885,0.2810871371729698,280081360.3399751
,,,,,,,,700606.0115053855,0.25369837172653825,370113949.9737198
,,,,,,,,133422.2317088729,0.21697493975450893,13003975.824083623
,,,,,,,,709552.5167405498,0.23035655556662926,397905290.94317895
,,,,,,,,670116.0761729062,0.26311824656444227,361769733.6148983
,,,,,,,,185710.4308269723,0.22452185057685142,26958669.08442126
,,,,,,,,724912.199679361,0.10381325454495582,367997721.7865811
,,,,,,,,310146.70015028893,0.2593260161331577,76647129.69049804
,,,,,,,,801274.2137557376,0.27697138919169784,499143553.5207663
,,,,,,,,727789.7629249567,0.19067960709661755,409498134.3276826
,,,,,,,,490641.645670573,0.19749611448188684,177133307.91400123
,,,,,,,,218458.6527702251,0.27257807823292024,38345709.116252765
,,,,,,,,756912.8053137235,0.1985563031251823,443667938.79666644
,,,,,,,,144688.882562021,0.16924309764876008,15315825.690282322
,,,,,,,,588618.6308178973,0.19139297235498395,268574327.0000995
,,,,,,,,295696.455983003,0.21356920767888676,69358481.58231646
,,,,,,,,189029.430942978,0.15893133485925864,26614318.800970525
,,,,,,,,698082.9710238185,0.2943022498169583,383825589.56172043
,,,,,,,,599145.6424589396,0.33925953926484703,284055062.70680714
,,,,,,,,764778.9850513061,0.20749769427613957,439238215.72836185
,,,,,,,,664234.5359692618,0.19637610725189752,315933165.5712821
,,,,,,,,758448.2216645885,0.19897105949387836,452873372.92303187
,,,,,,,,588073.5423385514,0.2641734045022701,271830393.5533128
,,,,,,,,450922.0024316043,0.1871495163291275,145641523.01771602
,,,,,,,,148841.8695558088,0.22739845119281082,17756601.56326042
,,,,,,,,334190.8319500201,0.2622587827488976,91009301.75078057
,,,,,,,,452837.336605663,0.29736791816700575,160999212.3928636
,,,,,,,,596907.8080308829,0.23822608355564268,273085939.06764674
,,,,,,,,685489.775451387,0.278945712734485,350125415.904947
,,,,,,,,488215.58866430895,0.22870247301838445,177203177.03624982
,,,,,,,,796514.5204199187,0.19781710692393892,519415783.4129616
,,,,,,,,607083.5955645666,0.11504573032519591,273733513.14090204
,,,,,,,,602860.917271838,0.2596562319571878,301068431.18502665
,,,,,,,,4570.641965366066,0.19932044551157896,15545.602907640718
,,,,,,,,437041.94714617904,0.1740441054018792,142427059.75555733
,,,,,,,,644537.9468493353,0.23339783846706613,336481108.1470255
,,,,,,,,519602.01126698323,0.18665145807966957,206271505.08996898
,,,,,,,,176032.0672361847,0.2623105400514763,24233697.60666269
,,,,,,,,8466.277760413024,0.26090976624375695,55328.761166415665
,,,,,,,,808470.806595706,0.2257214130873108,518886512.22382605
,,,,,,,,216622.6786576823,0.1490926362920357,35174953.52503043
,,,,,,,,791924.4144648382,0.19922002569652478,483609779.03604496
,,,,,,,,340244.2323991841,0.2896465824820721,90414977.42016634
,,,,,,,,611435.3876069064,0.19476941337665,273724273.9002187
,,,,,,,,190648.07403181892,0.13572402487976962,26960278.157176886
,,,,,,,,717712.0918325384,0.2645688414265872,419704628.61733145
,,,,,,,,667615.8964270683,0.24442592962897233,346896509.5831809
,,,,,,,,772112.2421337921,0.24342066862761444,452740028.48473114
,,,,,,,,509863.81250342494,0.22074052252866588,199853116.26690242
,,,,,,,,274929.021391142,0.20298640703172943,59248359.028780006
,,,,,,,,154502.40805742188,0.1843982214234486,17733796.293439873
,,,,,,,,352650.2233870566,0.2513766515038938,94309959.65118565
,,,,,,,,790859.265072447,0.22153992286169708,477629269.10158145
,,,,,,,,242873.56662168726,0.2259489245750832,43227899.43103012
,,,,,,,,636025.3303030988,0.2387529567371058,320184673.9188383
,,,,,,,,371753.61874222127,0.23786734926832273,100314502.14879237
,,,,,,,,132920.9847911643,0.17940101761933824,12311200.775031261
,,,,,,,,108035.75522589889,0.24446639032392156,8713701.352132775
,,,,,,,,677490.1293591287,0.22501918660992515,342176431.96352
,,,,,,,,773859.8334786958,0.18939416653618757,480662822.72713304
,,,,,,,,650257.0539129637,0.29067325327045235,337109800.4223438
,,,,,,,,461149.5911810197,0.26686964137457564,157597034.50773698
,,,,,,,,529889.5571964959,0.2563827628462323,218245697.2658681
,,,,,,,,553047.1338455129,0.3367471022521664,250402425.2731574
,,,,,,,,657281.2624069322,0.3168963733730669,343225049.7643891
,,,,,,,,807813.7076412464,0.30027348734659665,513963731.0922057
,,,,,,,,781250.9745514034,0.18889461728413848,431998313.4454372
,,,,,,,,809699.4528333999,0.31099229805366146,537403952.678623
,,,,,,,,98264.91296729562,0.21875570278297812,6833108.860044356
,,,,,,,,807687.1266539439,0.22951703666584708,487557035.538428
,,,,,,,,401241.227754367,0.2606586775466927,122838544.50229694
,,,,,,,,311949.0147720362,0.1254026622640197,68390490.38396029
,,,,,,,,4499.371828300498,0.23737740068275515,15179.695796581427
,,,,,,,,738227.1646649581,0.207670018719542,412691775.0973792
,,,,,,,,708257.9414077189,0.18190016615859358,366729136.97728246
,,,,,,,,806114.8055209875,0.27265826097294826,521252379.4635796
,,,,,,,,93044.40524328753,0.22926799463803,6484380.611341949
,,,,,,,,702162.2952183778,0.2799141756160831,382877306.66678625
,,,,,,,,504332.6217808544,0.1859704448085095,192441278.2996769
,,,,,,,,282277.37388326845,0.2159435118413016,60988510.782026835
,,,,,,,,333827.5805614562,0.34001608323964766,84436009.77195978
,,,,,,,,83906.5427823786,0.18254775195730694,5500293.628398552
,,,,,,,,257701.1562409298,0.2221481579913105,51300546.40741488
,,,,,,,,809181.8056258252,0.25569044640171,559129828.8904282
,,,,,,,,277561.45569508435,0.25682779337343414,59424780.080614895
,,,,,,,,789058.7740079943,0.24831859057827915,456259460.9766311
,,,,,,,,783791.4136431321,0.303879121076612,495361208.43521464
,,,,,,,,795754.4417586203,0.21772592102524208,500893310.48352873
,,,,,,,,533779.9770518558,0.38324916273322934,229248200.93594065
,,,,,,,,536400.0392419334,0.19850150804182062,227943097.09354946
,,,,,,,,333700.351963422,0.1936866529207198,86414883.77325279
,,,,,,,,101047.56838923761,0.1999386858738663,7392044.053834573
,,,,,,,,475849.49991346133,0.2795608339583063,179262393.12128237
,,,,,,,,644400.0592657991,0.19396180678174002,324070014.465826
,,,,,,,,470971.73770414427,0.17306845367158924,184543706.4923646
,,,,,,,,438516.127857929,0.18158238811554808,151659716.4474658
,,,,,,,,421053.7990798232,0.2733024327726489,135336978.17435488
,,,,,,,,810859.4953094231,0.25313702847782527,475851113.8080935
,,,,,,,,239410.48532631676,0.25195549544161383,43415540.88113454
,,,,,,,,571088.847619085,0.1942984168416338,253247699.38530952
,,,,,,,,812770.7022520779,0.3349949842968344,518965584.9432958
,,,,,,,,408572.787003722,0.22624284508048145,130233710.29766744
,,,,,,,,353174.7584210981,0.3126571253863773,99397222.52262369
,,,,,,,,2518.7008511209765,0.25606401962885267,4605.901244722736
,,,,,,,,226494.8247311286,0.23592697247932443,38117824.949968815
,,,,,,,,785990.1307778861,0.17725909095195064,446457635.7817675
,,,,,,,,50905.51024273769,0.2588881438755448,2087707.7617654775
,,,,,,,,304855.6640040813,0.29904918163382993,70054392.21982472
,,,,,,,,86289.34975924197,0.32487956693246156,6028495.999433587
,,,,,,,,788553.0639438552,0.25782313376326893,501345447.07982886
,,,,,,,,798006.4490486698,0.18196748555019165,463299010.2182571
,,,,,,,,388582.4140018003,0.17936675730615498,115778896.62146884
,,,,,,,,260383.93123386952,0.28478541807569707,58703456.49824515
,,,,,,,,731317.6642334515,0.2652841513118769,402521213.83106077
,,,,,,,,811576.2404975328,0.2490037729936703,533195851.7384785
,,,,,,,,805932.239381859,0.17465854864573518,506235331.72540325
,,,,,,,,586455.4828877902,0.18169976432410168,254631983.98116606
,,,,,,,,815254.6938254422,0.20913839479084442,497652942.037348
,,,,,,,,354984.78390265064,0.31226890924849443,101110605.1435301
,,,,,,,,462714.7013106224,0.22729456196023468,176318671.4649042
,,,,,,,,731970.6463599158,0.18186261778271462,411258492.5530357
,,,,,,,,106473.05279174242,0.1571039958868506,8634778.835840901
,,,,,,,,802247.7745677632,0.20074668978129623,491082456.00897443
,,,,,,,,611582.5834598418,0.2645017175513457,316040846.56691355
,,,,,,,,187845.85359699719,0.25714833693404526,25830976.27430135
,,,,,,,,720446.8003275078,0.1618402663325461,389671899.0331642
,,,,,,,,809837.932243502,0.2582661313140622,506824059.8612833
,,,,,,,,357251.17567402025,0.20235791470849968,95793731.78900315
,,,,,,,,682356.439796134,0.2506802420894869,363144695.51190704
,,,,,,,,802780.3697595373,0.22186025573050833,519504215.55797076
,,,,,,,,414825.81779420475,0.18619585458962093,127012024.28897743
,,,,,,,,667008.2771568632,0.22923590293760382,349589399.2132766
,,,,,,,,64104.215848611704,0.25938636227971906,3306748.8757342515
,,,,,,,,734977.5915087477,0.2460328803202616,440798474.4938382
,,,,,,,,170407.22000355358,0.27124227566974146,22924815.18973548
,,,,,,,,762252.701732187,0.25008930103481153,479412345.88761526
,,,,,,,,667589.4434917,0.3494053931394474,361971914.96103394
,,,,,,,,675469.9100171061,0.2654825057637459,338396134.0127107
,,,,,,,,806652.4819069261,0.16784979132892344,455566206.38342494
,,,,,,,,811528.1487500055,0.212795279546728,506561166.3861928
,,,,,,,,350564.66529472556,0.19646315596406655,90890013.28728373
,,,,,,,,802284.2721386085,0.2604890841596452,486225667.38527244
,,,,,,,,300290.85676297935,0.16109307060558464,67892105.94153447
,,,,,,,,319979.783957644,0.252687583286765,78284549.87298353
,,,,,,,,333570.05894205335,0.2060850779768126,83246444.32304001
,,,,,,,,767409.8206865158,0.2378175683186012,479735508.5774485
,,,,,,,,521810.4342610603,0.27001559487606785,213751295.56142583
,,,,,,,,261418.3932001039,0.33063409038236663,54657978.90201921
,,,,,,,,611548.6154753618,0.18963383984706655,277401002.5632415
,,,,,,,,535443.263091429,0.18710857954492194,231383001.19059536
,,,,,,,,790619.3046991037,0.24482375247329183,472325658.2260893
,,,,,,,,187777.78106931824,0.3764451158568111,29319144.385618206
,,,,,,,,503075.0760386139,0.24258991316782538,186022808.165376
,,,,,,,,183378.7309827993,0.27767165414433886,27501269.185853396
,,,,,,,,679326.8709823433,0.26878640912779295,370350661.4404443
,,,,,,,,772456.3009926083,0.2984975581224403,474188686.3258721
,,,,,,,,702147.6891737627,0.22098234960888785,362297401.9855426
,,,,,,,,39303.57582559054,0.2181460655830312,1192261.1407409667
,,,,,,,,813029.2016551688,0.24907885629247278,554332155.1143434
,,,,,,,,741240.661811987,0.22688686868643637,448569839.02750355
,,,,,,,,289365.2696742653,0.17810911629754003,61946403.66962452
,,,,,,,,665333.8493331756,0.3190213312031495,358334547.8935549
,,,,,,,,411653.08493817894,0.334603463495746,135998376.50773877
,,,,,,,,580310.2431347943,0.2727014066466008,279925188.85452837
,,,,,,,,321622.7204734553,0.22531635050396837,73881192.21582931
,,,,,,,,19942.466127155032,0.20602204537782545,307405.0844329248
,,,,,,,,751558.6800505805,0.2922798562492389,437656235.02517676
,,,,,,,,398357.50378735363,0.19272541091271456,110375991.38211325
,,,,,,,,658884.5371920454,0.22450685196321343,341290863.6542053
,,,,,,,,389482.47377799294,0.23264108710396497,120240667.49456915
,,,,,,,,13907.267649269224,0.26274804406152824,156387.9588301555
,,,,,,,,779440.1852916004,0.24416958640780173,483573798.4799122
,,,,,,,,622525.3842843071,0.2464069476194552,299318986.5800947
,,,,,,,,10250.288830638076,0.18053791912044723,81717.25340506021
,,,,,,,,706365.8732800403,0.18087847654762107,375546398.53507525
,,,,,,,,746635.1460275294,0.2138497031681483,424654453.34890634
,,,,,,,,563232.6542228131,0.2577351255479429,250124334.21227148
,,,,,,,,747526.9360040901,0.290541801947173,461404401.16086626
,,,,,,,,213035.6525143051,0.3134491119284482,38107383.220482826
,,,,,,,,597751.4550031108,0.20604944301683747,278801657.68074095
,,,,,,,,802805.9848656814,0.24947848723928598,497736506.269469
,,,,,,,,92733.70943144665,0.233969556740531,7250470.996233345
,,,,,,,,783935.2109805758,0.24919389189701893,477236991.3262783
,,,,,,,,600130.6286079923,0.32992427223252957,294683639.19146764
,,,,,,,,676393.2167650551,0.21116969432541846,369237796.0026087
,,,,,,,,697883.9412572104,0.32405049665805413,418041215.2250837
,,,,,,,,708620.1808733416,0.20464193198101072,405112543.1458401
,,,,,,,,347198.75806020806,0.2258690199459423,96497181.59795111
,,,,,,,,669501.4766363797,0.2491841262501337,368547989.739315
,,,,,,,,386115.3376640388,0.24398686061427902,122668399.68157224
,,,,,,,,807147.375074043,0.2304969086745693,490223114.8006906
,,,,,,,,664086.6428093315,0.2016389533235943,343796393.7926099
,,,,,,,,129542.56919408927,0.2997371946412527,13213232.171228202
,,,,,,,,475659.0216464752,0.2390783306134805,168096449.63270178
,,,,,,,,303183.02954392816,0.33224792144219745,73482103.03669336
,,,,,,,,752885.0000971062,0.2830172950913551,459976732.36691165
,,,,,,,,722606.2146238879,0.20673917759345622,387632830.97056013
,,,,,,,,727242.5088496524,0.24956473710438257,418465940.8729441
,,,,,,,,696725.8565144516,0.27575057192071956,403317804.37102234
,,,,,,,,58772.244059207216,0.20630515941906138,2523489.217857268
,,,,,,,,749291.8160667589,0.2482288198799546,438954896.3915438
,,,,,,,,128309.35079992036,0.1650989711741389,12543733.012437701
,,,,,,,,432395.46470896475,0.21761563218927937,148874363.04065925
,,,,,,,,591197.1966497172,0.2486140249648811,273466369.52790713
,,,,,,,,553922.378933598,0.2421697211046872,221664198.0968676
,,,,,,,,387385.6345083732,0.3063141194972811,120738047.58690473
,,,,,,,,810206.5049226747,0.19457139561418016,474221007.3028277
,,,,,,,,552670.9295652062,0.27350554529198595,251796400.49075076
,,,,,,,,49339.63759563664,0.2244902157417806,1961856.367683977
,,,,,,,,569806.4642332558,0.19362249162078526,247467422.96451887
,,,,,,,,498588.8495056081,0.2081489236032319,197478508.161582
,,,,,,,,804334.9578471438,0.2190326794412062,490467194.65263253
,,,,,,,,130579.7375792489,0.2338951692104424,13159782.52926282
,,,,,,,,510576.67351415736,0.1786943177313567,185181099.08874986
,,,,,,,,729400.705739136,0.37036514984589597,434033514.6911199
,,,,,,,,627866.140175236,0.1967683667069794,324217788.07215333
,,,,,,,,624418.6739957059,0.35960608473773203,335440692.13274837
,,,,,,,,361322.81542504847,0.14177541702638888,94867446.02086577
,,,,,,,,807908.4547320628,0.35453041084082376,518950167.9986205
,,,,,,,,476821.5995649066,0.28658996149853533,180954657.10632482
,,,,,,,,672815.5928605688,0.19315108931680022,347515726.4553489
,,,,,,,,549136.3411700114,0.20723770403064035,223221323.35165158
,,,,,,,,803811.4784648815,0.26656160496376186,505358445.08722776
,,,,,,,,597674.9397398458,0.23912712462946065,289709861.00631624
,,,,,,,,650897.4893425251,0.2626326192459105,328469343.59916794
,,,,,,,,744824.8216379228,0.3160749953905649,459154217.187053
,,,,,,,,783754.56445723,0.27787409497967763,454968731.74737406
,,,,,,,,800315.0991249327,0.3120697539308977,507774189.0585178
,,,,,,,,644509.6349363116,0.2898316118262408,337278555.2108251
,,,,,,,,759333.8708199845,0.2514429048132638,466078678.9075179
,,,,,,,,124917.08785295981,0.23695569986069043,13152321.042721754
,,,,,,,,749935.9884965185,0.21828304361484827,448808694.3431013
,,,,,,,,673492.5305817657,0.33007559185128427,375404129.54825294
,,,,,,,,172679.68804842737,0.2632280274907831,22271310.10583963
,,,,,,,,202711.13768113847,0.2773712133033846,33378770.517639384
,,,,,,,,676375.3302769131,0.2670164338289306,357337561.3036759
,,,,,,,,316475.3564446394,0.23395433620185807,79859421.85289742
,,,,,,,,77861.53886249002,0.24000161675349108,4703678.102382272
,,,,,,,,373428.8902654864,0.2678671737650994,107144206.06141058
,,,,,,,,524175.10553774604,0.31063916044750034,227316110.53159893
,,,,,,,,94745.24012960064,0.2799953624946937,7083092.080135266
,,,,,,,,730208.7177455192,0.26714334827043495,397197033.77784765
,,,,,,,,157858.12395917604,0.2328924399979065,21600118.821616128
,,,,,,,,182270.84831280526,0.2150647639297849,26909980.789809566
,,,,,,,,715001.0504263963,0.20086353987530634,379724392.1803389
,,,,,,,,71625.5067946936,0.1940457369005588,3853705.8506923383
,,,,,,,,599805.2698819528,0.34329519024697464,316818911.7020489
,,,,,,,,774518.5572529843,0.23142216624524972,503722148.05937064
,,,,,,,,812762.2727722456,0.2810243562921367,497223572.21565485
,,,,,,,,186654.70659188664,0.2818074528739282,28207464.352854375
,,,,,,,,101493.88360861472,0.20023564316131043,7801334.107197774
,,,,,,,,242680.62469629128,0.2636729425400243,47667767.19659591
,,,,,,,,750163.6724747593,0.30516486745800064,470631047.7825349
,,,,,,,,234495.17115690792,0.2724146262954162,42465255.99845546
,,,,,,,,230577.99232300755,0.292583833322846,40421307.59852997
,,,,,,,,368969.5720011939,0.18305356353477753,103536429.82605179
,,,,,,,,715865.1312590557,0.27059530583755265,385711895.6143078
,,,,,,,,510309.2471153077,0.2446479556505752,219121608.51332247
,,,,,,,,644524.1574927061,0.3327458518045242,353345810.5636787
,,,,,,,,664471.6259587806,0.2661848886777843,350765327.62716216
,,,,,,,,652453.1550724311,0.2717732672874934,330995409.06275254
,,,,,,,,794791.5289314075,0.2663331032407449,512222262.83126986
,,,,,,,,767398.0519174567,0.2431160482593528,455714766.89450604
,,,,,,,,785561.078150103,0.32254276014426736,501589736.1224829
,,,,,,,,546676.4939683826,0.23783304591182144,236647306.49144778
,,,,,,,,791281.0950429514,0.2905846568467021,457466419.9793854
,,,,,,,,174840.83823369988,0.2835966826749929,24230756.5815661
,,,,,,,,810413.3267847813,0.19157290276734987,506081324.4151834
,,,,,,,,694378.9068187247,0.20017440346614357,368126935.30920696
,,,,,,,,519366.8876233564,0.24803344849070363,212800393.52534795
,,,,,,,,784422.7322861092,0.19529173593139032,518542303.39745647
,,,,,,,,783904.3345090437,0.34567845479683235,478121481.8860314
,,,,,,,,549503.9359036658,0.28489737289420775,249143832.80929217
,,,,,,,,539396.4930922212,0.16005897640007283,207896412.40285027
,,,,,,,,609941.5206967205,0.16182039436837206,266512063.2462352
,,,,,,,,742548.608871443,0.29931747722673147,445729774.9443877
,,,,,,,,584234.1937167773,0.3006496706741653,282124663.07488275
,,,,,,,,646466.9334488172,0.19420673772499067,317813996.5664774
,,,,,,,,147494.64736525118,0.252310488388042,17316281.843604818
,,,,,,,,274149.44261675683,0.24664658209690532,56731099.70170422
,,,,,,,,638827.5997316903,0.22329994263509212,327243583.00511193
,,,,,,,,813484.0991522662,0.08982258849029674,474089579.5834556
,,,,,,,,117334.2811097798,0.29989163599761054,11338753.01638189
,,,,,,,,448077.52429317555,0.2629456355656732,158946847.6627471
,,,,,,,,300218.47745977517,0.18339709866895865,68542887.63437344
,,,,,,,,767495.1415724758,0.1750034162411801,446989862.06926745
,,,,,,,,631734.2256224173,0.17982067729533494,301522763.20453495
,,,,,,,,609114.3027873676,0.1871724006298486,276541247.3555924
,,,,,,,,810516.4659311392,0.24015912473450618,513155109.56992143
,,,,,,,,630507.8913742577,0.1953069633006179,314789276.2278468
,,,,,,,,182613.26624075364,0.17084217813314168,26165215.68754472
,,,,,,,,14769.544605128072,0.25176657792701496,170010.52659491674
,,,,,,,,103346.58866425029,0.28674506093742635,8711644.316705618
,,,,,,,,798967.4926240162,0.1919176696337441,480259577.94337445
,,,,,,,,758582.904230578,0.21562214371275115,435290080.6024286
,,,,,,,,739372.3330466881,0.28524853988620935,430372312.7243693
,,,,,,,,655944.4978147027,0.23510223431375366,331510918.864289
,,,,,,,,798125.8181135628,0.21125706368728375,510129271.8939517
,,,,,,,,426159.377274471,0.29213459920518886,141379464.351536
,,,,,,,,497255.2404634418,0.31138899632731454,185236528.83182967
,,,,,,,,178796.53299561798,0.25746026973842684,25872744.80787316
,,,,,,,,225115.51147061406,0.28689869115773814,38801906.864639975
,,,,,,,,809696.7144898049,0.27184626036998527,490318809.24581844
,,,,,,,,634265.0235364329,0.3608189331405012,316744034.3180817
,,,,,,,,637973.511886288,0.17260342673861362,292312429.8279061
,,,,,,,,786587.600171555,0.12340053422360209,445702422.36674845
,,,,,,,,522807.0619395558,0.246553562187283,194811319.16524148
,,,,,,,,154021.59686336556,0.26730378123289655,18420498.86095462
,,,,,,,,768270.9046392571,0.2510926658931624,452107168.76620626
,,,,,,,,288239.06812319456,0.26426148005562106,58832843.07104477
,,,,,,,,531110.1444102946,0.17658457851525688,217754597.00614262
,,,,,,,,642384.390036558,0.2782754238806073,294646176.772052
,,,,,,,,359858.23316842964,0.2707067575295964,99104532.67625119
,,,,,,,,466592.6797185538,0.28313536019280566,160929133.55092284
,,,,,,,,254183.4211283316,0.3176672461908193,51741425.082530014
,,,,,,,,800681.1781562077,0.26559312151196274,524947086.1967917
,,,,,,,,746592.9598358271,0.23758960690778344,447944747.05385387
,,,,,,,,718656.7383276981,0.24384636931213338,383775010.5996409
,,,,,,,,677176.2963126443,0.17500399223941887,341407100.36291987
,,,,,,,,170737.56801888466,0.2173973305169635,22174359.18629958
,,,,,,,,546711.7714640363,0.19592975312892366,231130748.02671862
,,,,,,,,398441.1545179884,0.3030106676842744,120999064.89104235
,,,,,,,,442010.0633135193,0.16290219341932197,137078174.4276534
,,,,,,,,169700.73630979148,0.21122329621904098,22042150.270667665
,,,,,,,,446161.35053926543,0.19552265927071255,153364822.19197527
,,,,,,,,225684.03168301028,0.23818768003377097,39894246.04672027
,,,,,,,,774666.1361652641,0.20549496293319736,478412410.5122346
,,,,,,,,790605.005783321,0.20485726919312794,500690375.5121764
,,,,,,,,321002.7147859018,0.15719812969675467,76408372.27701926
,,,,,,,,674170.6927305899,0.2369705086897216,342946310.5261022
,,,,,,,,324611.17826546606,0.23889380173222233,86310147.65024686
,,,,,,,,707261.7301215488,0.24091332173153793,402011441.4738425
,,,,,,,,602382.7083383914,0.20608411821914632,263693772.11362284
,,,,,,,,19694.40575304386,0.20863968163245686,288886.53756366187
,,,,,,,,789504.8373861399,0.21310716201625907,489967881.8578352
,,,,,,,,481933.8666266625,0.2158482330816368,185973382.00279284
,,,,,,,,809581.760673766,0.1975671418531251,457138554.9701047
,,,,,,,,650378.6360422161,0.2735680158853187,336044436.07992494
,,,,,,,,787547.1498613262,0.2730316368269535,471199151.84196806
,,,,,,,,813633.482495364,0.18113931572753741,513549823.144466
,,,,,,,,220017.34429692256,0.3386703172876621,41795434.95720345
,,,,,,,,777708.639865116,0.19964711862142182,460225634.1585312
,,,,,,,,601701.7518056388,0.2672794024619215,258741948.30295727
,,,,,,,,777993.1075042922,0.24322188227944963,465728253.69995975
,,,,,,,,231222.73418425897,0.22444453075667992,38958343.593026385
,,,,,,,,316530.24879118364,0.24964541547479463,77277490.64876817
,,,,,,,,415933.9866988936,0.22922322926166497,135143457.99981606
,,,,,,,,526878.4733341637,0.3280439720661932,220349496.90600798
,,,,,,,,80809.64283724547,0.26443005744624404,5172086.455686521
,,,,,,,,449885.738809724,0.28734188321448634,164384947.68382177
,,,,,,,,149401.8881161008,0.25340798525849284,17154841.959078606
,,,,,,,,651513.6604980159,0.2563344998394905,340216350.24702317
,,,,,,,,766231.4486908522,0.2636782288987583,454286805.6240731
,,,,,,,,460795.808980049,0.1654617709775164,151668079.57485372
,,,,,,,,392010.8935546337,0.19408661774903957,112109426.6443346
,,,,,,,,461716.2964288902,0.30593969256427234,174133211.84579042
,,,,,,,,814011.1296120406,0.24871664815886083,496783853.5844027
,,,,,,,,471451.0002916568,0.22128360699857336,169514505.1524277
,,,,,,,,807281.4247337871,0.20654064234638078,479941548.0015385
,,,,,,,,323433.4294133516,0.1972680669432524,83232353.56195806
,,,,,,,,693541.9308768328,0.20017138884622648,354968394.2827114
,,,,,,,,751495.3926433969,0.20740045758475983,390046363.0778654
,,,,,,,,703478.5192301045,0.23152763417632619,360089890.7700582
,,,,,,,,174666.61335587586,0.31132892335763185,23944285.1557458
,,,,,,,,45415.178877319886,0.19882447938861408,1541231.5117815118
,,,,,,,,757825.7224074039,0.2384885291855428,420229785.9658965
,,,,,,,,773442.3315172341,0.2547629559313077,476404157.817772
,,,,,,,,785048.0281283768,0.2750906612380577,504078185.7376772
,,,,,,,,734360.6821028916,0.21328653634531966,417032582.5019593
,,,,,,,,752869.0625359989,0.2338135586648079,444845358.65540063
,,,,,,,,506317.8161406607,0.2919291976958832,223169653.98200467
,,,,,,,,765570.1701792175,0.2851822521099808,438792847.27121013
,,,,,,,,681764.8606174819,0.1810420861647373,343807948.7932551
,,,,,,,,668228.0811819609,0.2273865552227485,367828052.1274788
,,,,,,,,803997.3572063377,0.30670659296050107,552461881.7738274
,,,,,,,,730415.5513067424,0.1494192447151399,417142595.28762907
,,,,,,,,565533.9285701946,0.23177789256180298,242855673.45900875
,,,,,,,,771016.6455660803,0.24213280088683795,478743517.4852742
,,,,,,,,240116.8276303867,0.21121065993256563,45884911.48889284
,,,,,,,,446527.47640444286,0.2876985924773285,152014279.79091874
,,,,,,,,719936.4002760549,0.2592682456410365,413538142.6884606
,,,,,,,,676776.8540446976,0.2834503372843273,381343459.4712153
,,,,,,,,758296.4466934461,0.19470486617568275,437148506.89100087
,,,,,,,,676550.4774703393,0.30181541414178903,352725505.5077785
,,,,,,,,761986.698071898,0.25442036719312777,428101893.28265697
,,,,,,,,432067.7356655378,0.16437892792678024,143748781.63306764
,,,,,,,,85685.0189261586,0.24240621519495026,5412990.303684872
,,,,,,,,668490.1429208036,0.12025819569400337,331591243.5339035
,,,,,,,,732880.8753002011,0.23329694148539065,432897785.69207686
,,,,,,,,577142.1060541784,0.17145199426562854,234801600.11659265
,,,,,,,,814049.7443460947,0.21999197242626403,526068263.20172155
,,,,,,,,540416.3951565991,0.2271812986974917,232086507.82245412
,,,,,,,,455123.57084362424,0.25607588432963696,166417920.7636229
,,,,,,,,386134.37679859175,0.23545043236998503,111586567.68734367
,,,,,,,,107714.22462608624,0.15172752681114504,8443403.344545526
,,,,,,,,812689.7455256343,0.17053775565246312,505845573.0272884
,,,,,,,,703678.5994884857,0.20804546789243367,393672231.85009366
,,,,,,,,153642.6907931526,0.25820856102608897,18496293.342020337
,,,,,,,,7328.663526613204,0.18180859982048658,39640.280006795285
,,,,,,,,213684.5722674565,0.3274456773529098,36269148.27045028
,,,,,,,,652377.6227540402,0.19887236873629532,330704374.0582267
,,,,,,,,479241.71615633613,0.23736885922507844,182091106.87824148
,,,,,,,,39738.94853654101,0.17821184201507048,1194461.295256722
,,,,,,,,811695.9515186618,0.2714706004690253,527422027.8939078
,,,,,,,,688291.4102352398,0.2660918658281907,354047511.98003346
,,,,,,,,690955.0703935194,0.15407905472636083,359094328.9338709
,,,,,,,,813914.6952883248,0.17416441240365446,542770043.2437181
,,,,,,,,760801.5557444912,0.17874211736902593,417220251.32369673
,,,,,,,,333450.7820418104,0.19725207096484607,89870657.18825585
,,,,,,,,558001.560305049,0.24536071691969366,245109082.91942346
,,,,,,,,492201.7712469248,0.2471120908770975,186702072.62407428
,,,,,,,,118481.24662384686,0.14879884806476223,10510232.068425208
,,,,,,,,806116.1853428467,0.24587318093952912,513975787.6842716
,,,,,,,,45605.86922529798,0.22502051350211866,1519454.8472084985
,,,,,,,,596045.0941749656,0.29562753244639256,287034603.50544083
,,,,,,,,416603.0047578245,0.3218204490843128,141217678.1388277
,,,,,,,,714605.4215669458,0.3267773194984537,400465170.88203573
,,,,,,,,328971.91333409864,0.25874125613403043,87244481.08850153
,,,,,,,,723068.2641796898,0.27080453890672024,418552252.2265949
,,,,,,,,622243.2808996704,0.290543539750972,328229556.2968793
,,,,,,,,605957.8177493396,0.2646375330623121,296095885.54432416
,,,,,,,,409754.4010163367,0.21293683100715752,122650000.12360032
,,,,,,,,468496.00689888635,0.27258332951171704,170711170.2254363
,,,,,,,,184795.06563217132,0.21866836508099896,26965116.648881283
,,,,,,,,379000.685080912,0.3700416005838891,112674933.00127257
,,,,,,,,813733.1013298441,0.22520883770940772,517689849.9529035
,,,,,,,,806417.9368426786,0.3025417765116281,528877449.0871359
,,,,,,,,611148.3299394229,0.17775506230034085,267612857.36456853
,,,,,,,,742422.8080281054,0.2057184732746288,402815681.0042537
,,,,,,,,397086.50723744655,0.21239783807295695,120207794.57454537
,,,,,,,,219133.140627864,0.26790294681592425,38999807.81480181
,,,,,,,,269204.15035361383,0.21437102451972045,56566201.794776365
,,,,,,,,743016.1875331948,0.12814669501708625,395890218.0987088
,,,,,,,,694448.9747608149,0.20594755150702568,345110027.8843322
,,,,,,,,446907.90377730853,0.18633549641866687,154712089.59187615
,,,,,,,,813569.5534889858,0.26294977743543096,510159111.97747517
,,,,,,,,795635.8213364803,0.27762399227547085,485366658.7979645
,,,,,,,,810884.3463509864,0.2892451801102402,496305241.67861193
,,,,,,,,768818.2355988456,0.1890713406182446,444498088.6084284
,,,,,,,,806671.1990253688,0.21112865021968308,459261769.5790352
,,,,,,,,403072.22830794123,0.22380695436261866,122502009.013129
,,,,,,,,719007.7129901483,0.261127649076894,421798279.661497
,,,,,,,,735262.6657381271,0.18218683905855532,419872865.1142347
,,,,,,,,24557.30848424861,0.1799598996956562,470434.4528148964
,,,,,,,,647538.0805985936,0.16698255379759713,310106145.31007284
,,,,,,,,736639.1939061482,0.3680052476191848,481006791.97493684
,,,,,,,,98650.29125979012,0.2708880681279527,7206628.977731716
,,,,,,,,530405.4607704504,0.17811925969570797,209728509.13926002
,,,,,,,,739016.6237720022,0.27222849602106236,449700036.19593227
,,,,,,,,686898.452085024,0.23797230811263967,371786087.9750508
,,,,,,,,439669.86819137324,0.22815339107651839,154013922.90576962
,,,,,,,,423450.4548364878,0.3085653592151147,145364270.15880305
,,,,,,,,540864.3839247354,0.2532843741089145,235630500.8977903
,,,,,,,,811953.1141221653,0.1953797653138432,524375545.91515607
,,,,,,,,799889.9096267057,0.2224301830348364,501741262.21378994
,,,,,,,,810056.4909813603,0.2766848576661652,539220210.0909592
,,,,,,,,496910.6273342954,0.28307676420272354,201300799.97374645
,,,,,,,,665359.4997928286,0.24593949431704135,332154791.6258247
,,,,,,,,237673.17306097705,0.15488418420531766,42592836.76064818
,,,,,,,,366972.42715053365,0.24495706430690625,105459063.09120008
,,,,,,,,648500.182784152,0.18202444017147568,327105187.8397886
,,,,,,,,121670.59720563491,0.13482328097280796,11014064.279509364
,,,,,,,,674620.3762088792,0.18880352077032406,340186113.91270953
,,,,,,,,810605.8668504071,0.26557393912804744,501975965.5981992
,,,,,,,,617472.7826050887,0.22873907923704373,278074678.3357727
,,,,,,,,782831.0235095243,0.22490073875824437,444149109.0809108
,,,,,,,,501135.5614197701,0.2253937858929299,185102444.7561241
,,,,,,,,672528.575230692,0.2784490927665213,347852278.71680224
,,,,,,,,287264.489767389,0.26642385793621615,65125107.63175815
,,,,,,,,598302.4603559698,0.265226090895616,287211835.88188124
,,,,,,,,43303.98523157415,0.22656185954527316,1527612.2917939026
,,,,,,,,450686.03912238684,0.29802639173499773,161863814.24903974
,,,,,,,,809350.3833442206,0.1650135500003741,479645225.9827411
,,,,,,,,572033.8492977731,0.1683622620678185,253590718.30776706
,,,,,,,,406250.67584592546,0.23926818347405038,136008110.82881474
,,,,,,,,12939.19450828044,0.22929814932848222,132073.84106768653
,,,,,,,,380952.3196075232,0.27935868217326854,110983902.76960468
,,,,,,,,337960.5170007259,0.214497882841428,87145907.72370794
,,,,,,,,673459.5239347949,0.2899935147196962,340883944.458386
,,,,,,,,711677.3308635592,0.12659060895788637,359772961.845446
,,,,,,,,156885.99450347337,0.2418856070008312,18589274.473291814
,,,,,,,,63122.33161335647,0.20916484018428275,3189884.6896814792
,,,,,,,,386561.9754009084,0.22091185216462,115621642.90867473
,,,,,,,,812937.4926963355,0.23304456455031589,543326570.8833269
,,,,,,,,774997.899053653,0.20504919037867708,448209650.323673
,,,,,,,,56878.66553391967,0.26375355928692323,2456466.385240855
,,,,,,,,795117.24856609,0.16086421458276273,473826859.72489023
,,,,,,,,253254.08551264857,0.22232141614819853,51071607.341426305
,,,,,,,,483508.10739532526,0.24829108456132742,186261472.75002417
,,,,,,,,514822.66802604415,0.21646024657297788,199772774.5946812
,,,,,,,,812745.4139615885,0.19536684401621604,507082332.3698582
,,,,,,,,335045.7647001683,0.17059282448681695,80032895.75642496
,,,,,,,,802985.7037245226,0.21961468615963817,538957664.5576459
,,,,,,,,69065.36685859943,0.2383781671418231,3795804.6618380793
,,,,,,,,115665.78472729596,0.34628885571882867,10416658.958068404
,,,,,,,,645495.9579488264,0.23697282199473035,327911637.46336126
,,,,,,,,379548.67492417817,0.17988423279310906,108599890.43915696
,,,,,,,,312094.9262071652,0.11603414377207419,69203403.75875798
,,,,,,,,796271.4634007874,0.22371265875110466,480698376.6433441
,,,,,,,,297077.5196075326,0.20774861260240335,68920712.33386105
,,,,,,,,780301.5632344884,0.21932516002890176,452982670.86905044
,,,,,,,,814063.5459595261,0.2664777349203007,542648255.9371544
,,,,,,,,743603.9450827206,0.20377895486622294,444081453.53768927
,,,,,,,,604604.3737684685,0.21716547131317046,266737410.08384454
,,,,,,,,809985.1274961627,0.14463169068728973,480326424.97327083
,,,,,,,,461472.30469897285,0.2100273228011069,164231411.79016834
,,,,,,,,463565.52913188183,0.286567379498905,166693291.79610172
,,,,,,,,489423.36130160216,0.21049040882148146,195520926.04535055
,,,,,,,,757396.4858688476,0.3277207889782827,474132232.09730154
,,,,,,,,722665.0288576101,0.244084473337109,424176304.78485656
,,,,,,,,544733.6913737843,0.2968860225324972,241273687.75129774
,,,,,,,,794891.2235865032,0.20696913216453222,488289665.8465707
,,,,,,,,548071.9613767562,0.21179936929274495,243228346.53916064
,,,,,,,,238611.0615596099,0.20486333746230107,41992061.13135437
,,,,,,,,775928.3286346942,0.2400143962268003,479401087.6975153
,,,,,,,,780511.7073315005,0.2368615001020395,454499339.9011786
,,,,,,,,90656.84154320043,0.21882888237245435,5904564.329697668
,,,,,,,,812110.5963105166,0.2356151182067277,536258836.39847577
,,,,,,,,294380.9263175669,0.16779261742875776,62203533.71208525
,,,,,,,,587363.1784017181,0.2098768881075706,268236965.5718329
,,,,,,,,618677.4732678205,0.21760981641957688,279641565.55796236
,,,,,,,,482076.76660677214,0.2310267930876581,174623804.10368952
,,,,,,,,629107.4036092681,0.19951931317984486,298303311.3648052
,,,,,,,,808938.5109070112,0.20026001476669428,484001862.2287221
,,,,,,,,779513.3868049578,0.33184793775636895,517376386.15648085
,,,,,,,,786246.7571089062,0.2987406112074907,516180196.2668388
,,,,,,,,681256.4105140299,0.29076824682938407,348398447.5406488
,,,,,,,,631865.7847644188,0.22150989488442474,287678719.19842625
,,,,,,,,664547.9619889867,0.23792891376932682,356334613.8401459
,,,,,,,,714905.8705657679,0.16399232387941906,378298692.9546893
,,,,,,,,679733.9907183186,0.32984199349326543,392946391.15860176
,,,,,,,,74220.50617141732,0.22819444542088926,4183547.8574292623
,,,,,,,,213895.47138855554,0.1944755243889256,36424058.330267236
,,,,,,,,809181.6440740875,0.2835213262185615,488510908.5318957
,,,,,,,,800122.1493399863,0.2566760922361392,494564942.4784186
,,,,,,,,649628.8049719186,0.23398514014117816,309671099.89062154
,,,,,,,,812373.7915081002,0.1945566212674562,495488975.2507565
,,,,,,,,799375.6564070692,0.19659793164453854,475718546.68172234
,,,,,,,,5205.518658564587,0.31244756429948567,21138.311085173085
,,,,,,,,750945.02511257,0.21765282653196094,423808413.3506828
,,,,,,,,811115.4797148062,0.23802177690571372,546991988.6880002
,,,,,,,,770201.3984782211,0.23825662886013843,477280929.15220726
,,,,,,,,652860.3407502116,0.32352266696585996,338157848.7172437
,,,,,,,,809448.7851912602,0.2658283909499658,484528142.96644306
,,,,,,,,573434.3382666202,0.3469802527266154,270002644.02877134
,,,,,,,,725771.9679167124,0.3247881061774926,445948455.47482806
,,,,,,,,251018.1297797504,0.18496073837828914,47287720.84666247
,,,,,,,,517238.1526073018,0.20464663117695178,209741538.61535057
,,,,,,,,707602.5498750644,0.20715724258982987,374706123.4116546
,,,,,,,,467214.2772763762,0.17279793568421165,166392342.94976398
,,,,,,,,694471.7848952053,0.22664368238760227,357300232.7616335
,,,,,,,,579284.074821967,0.28187924925199637,262961939.44814456
,,,,,,,,763602.3015078169,0.15684669319467692,424051078.1250717
,,,,,,,,804376.3743760799,0.19871513627503123,489834516.351344
,,,,,,,,76209.2445213365,0.21231103796655998,4551919.280375116
,,,,,,,,780871.9664561132,0.28721684618653864,497562085.5293536
,,,,,,,,811610.2339217566,0.28288537118680984,523779441.9747958
,,,,,,,,130918.92693510329,0.16102219316837332,13712444.373466756
,,,,,,,,77254.75581185849,0.25807246488882235,4664724.878067902
,,,,,,,,751512.0760554865,0.21774897386303016,405805564.9187728
,,,,,,,,36304.706932793706,0.21558402034529006,976235.5529135765
,,,,,,,,765530.0049759735,0.24211666750030322,472902302.91334647
,,,,,,,,561181.2628487026,0.24630231886433285,243894365.6268479
,,,,,,,,551938.0653752212,0.22007284168161223,227394547.32586274
,,,,,,,,807191.0512228605,0.2759058930865681,482515812.8276477
,,,,,,,,179436.97684093352,0.23486199877163236,23236187.690633312
,,,,,,,,268047.86767603137,0.1598275650714259,54869054.28371264
,,,,,,,,689439.9082478645,0.2610547082361644,382687319.07150716
,,,,,,,,807143.9056647778,0.18607421520127607,485822241.46067584
,,,,,,,,798930.6020667857,0.25240275546024815,497679793.19844556
,,,,,,,,489998.3398326506,0.23210369090551788,176234809.4759575
,,,,,,,,362518.1511669526,0.30034666598778326,105599487.69005425
,,,,,,,,170650.21851132644,0.2325584716466583,23185280.22844491
,,,,,,,,408032.3885779974,0.25836300037562976,127285250.77501304
,,,,,,,,259952.58969994896,0.25768998606524346,51123456.80756476
,,,,,,,,193317.69418377333,0.23219461138330644,27932143.562674593
,,,,,,,,263066.346136395,0.22948735798857503,53420781.52493189
,,,,,,,,718766.3405087943,0.2999846867371817,441170127.74717945
,,,,,,,,699831.9118685558,0.1896608079262032,374651007.8062556
,,,,,,,,410436.8566990315,0.2262735758294937,128266789.90381177
,,,,,,,,763209.4282894557,0.23637449150662837,457632595.82411593
,,,,,,,,259528.30028071845,0.25111013864702797,59357712.58021456
,,,,,,,,589815.2606471202,0.23350387270699466,261417450.20312917
,,,,,,,,811820.9424412223,0.32156846437738523,549764699.4599994
,,,,,,,,226114.17136894877,0.20063768219379,38820079.86020911
,,,,,,,,776205.5560919791,0.2854485200610068,482640790.3023363
,,,,,,,,755575.3826212097,0.25577342269042747,455708759.97826403
,,,,,,,,102306.14148882356,0.2273901147499262,8100170.014950765
,,,,,,,,811577.743976428,0.19228569394097839,464324417.34929156
,,,,,,,,78022.27459418823,0.28118593474625064,4685793.042636917
,,,,,,,,793240.99632985,0.24014831162072015,501825318.39315873
,,,,,,,,621333.2729553252,0.14150101369878668,312899704.5417444
,,,,,,,,809328.5079279963,0.1784309774061447,494724961.38615733
,,,,,,,,40873.05373744883,0.2037679428962036,1302485.5488513268
,,,,,,,,510653.2231992448,0.27194173654916104,203950791.69538856
,,,,,,,,678855.1973012588,0.19766633756921692,355934088.9931074
,,,,,,,,733452.1272455946,0.23317582224950625,398924841.6696061
,,,,,,,,288085.9695068941,0.17844094157979237,60963814.71780459
,,,,,,,,693126.2657141788,0.24603906955765129,365078558.8650191
,,,,,,,,461593.6233700655,0.24185725690879856,167717535.01111186
,,,,,,,,413087.26961040596,0.18570650162118724,131428704.32455519
,,,,,,,,34725.95326461214,0.2834309354425353,1005013.9261274429
,,,,,,,,192086.56976011055,0.31791652615175364,29278354.321279056
,,,,,,,,700974.4241437961,0.25785030636446504,400515800.85587513
,,,,,,,,514475.5195788001,0.32618843001448317,214350211.8916057
,,,,,,,,667719.8918304481,0.28622788533926924,356942199.7188624
,,,,,,,,770434.772840013,0.16973387538987855,432248062.3307261
,,,,,,,,238982.167188617,0.10601576853825319,40932178.88518007
,,,,,,,,589266.3663958525,0.26086146054328224,292243994.91724616
,,,,,,,,659659.2493195753,0.2451455067551626,327837779.6247309
,,,,,,,,749477.0262720641,0.2095965438054672,415306531.78548545
,,,,,,,,810331.2891902126,0.2497569615511498,466057206.9922774
,,,,,,,,815079.7960220302,0.31031750368953676,547455443.81887
,,,,,,,,813057.4240241287,0.263452637214208,543698813.8833104
,,,,,,,,58748.43141279097,0.14032272609103688,2497420.772548867
,,,,,,,,119538.81806430196,0.2142895293206661,11442968.8577699
,,,,,,,,768487.6698536588,0.3085345250896368,445383508.3373551
,,,,,,,,765069.8258131423,0.2836582787506598,473739779.35760325
,,,,,,,,743362.7435846186,0.24557570959052938,415504845.1964198
,,,,,,,,77789.7780795522,0.27235791932256703,5043382.222866854
,,,,,,,,741202.3970862915,0.14189913563311415,407646564.37949526
,,,,,,,,78160.75948879964,0.28309240335540925,4870442.800258536
,,,,,,,,623398.2802036165,0.22532014678752385,297599152.99806046
,,,,,,,,570003.6577803626,0.22393071855933674,254962543.49672544
,,,,,,,,274135.5296161784,0.20198416609962813,56383986.672171734
,,,,,,,,52941.022464797956,0.27512564139340395,2240253.303022128
,,,,,,,,759609.8485883818,0.3076278237276429,438026758.70530057
,,,,,,,,236882.12929055654,0.30728377499267623,42675384.45231024
,,,,,,,,725653.4357633922,0.18225354551789053,404716715.052413
,,,,,,,,108290.67665790743,0.26285871175922293,9581951.712041568
,,,,,,,,494833.86773409817,0.165512911159939,180735466.93829235
,,,,,,,,702047.2025423892,0.24064164248721454,404164493.7742925
,,,,,,,,811006.4483815883,0.33633096569199755,546585865.8661544
,,,,,,,,624585.5051230454,0.1685716466889101,265048552.7500691
,,,,,,,,353361.9307005186,0.2292606137400021,101413871.5215401
,,,,,,,,1026.602864010234,0.22071807076189645,794.1039728306214
,,,,,,,,253147.47734685475,0.28286502187262036,49492820.41522313
,,,,,,,,195241.0122901193,0.293845308085694,29513603.440969843
,,,,,,,,788442.4816723589,0.14878464138172545,472263748.9433347
,,,,,,,,689197.8050234484,0.19309767354832819,371364609.7806774
,,,,,,,,397500.95720476017,0.21311706529209004,126434630.52746078
,,,,,,,,501610.61231284146,0.27153669784583667,190676374.13784355
,,,,,,,,250812.68546853718,0.33803372788847846,52388262.70446856
,,,,,,,,719149.8444602982,0.20672543425283835,410289931.1125652
,,,,,,,,704552.9546722167,0.16457542404803802,375904306.7682259
,,,,,,,,764030.7219502871,0.21102482645971588,440437732.0779127
,,,,,,,,657712.020836458,0.1850384740413179,317923383.1499122
,,,,,,,,333203.7872647946,0.258980350994512,84677173.88839771
,,,,,,,,788424.8893109652,0.21815089121879044,453491093.6596417
,,,,,,,,788039.3829782422,0.21542079308282108,486405804.72139317
,,,,,,,,510153.0206348367,0.23601103271570967,207970929.05818433
,,,,,,,,493431.78888887056,0.2596845398070382,186558445.53529647
,,,,,,,,198146.4669010937,0.18545729274496328,30134577.753406286
,,,,,,,,570697.7360825727,0.25960239118537815,262698085.7988355
,,,,,,,,380465.6701687403,0.23491550706705952,116331759.5405069
,,,,,,,,537219.1594125811,0.21463225091078594,219994733.68266475
,,,,,,,,646915.9667216977,0.30516949270518423,324747382.43036085
,,,,,,,,456066.69292231585,0.2762831778508358,169535406.9398576
,,,,,,,,784309.4167664307,0.2392086692058733,502290501.54486763
,,,,,,,,457751.9497904089,0.24274113843671638,162447375.8628101
,,,,,,,,182911.77032282588,0.1992635025623026,27229737.197751477
,,,,,,,,775173.7614988097,0.276150906291638,482434014.87172383
,,,,,,,,799147.765321599,0.23512617201593883,485120853.8273741
,,,,,,,,605683.3790651518,0.27132027147988824,306996580.69291526
,,,,,,,,427658.7576692593,0.2698142880704917,139388898.8934098
,,,,,,,,813187.184906657,0.21382247586910094,520787412.41605
,,,,,,,,229321.602072856,0.3106807466713658,43303914.8499494
,,,,,,,,424799.63913189445,0.21908302259775198,147651941.0218099
,,,,,,,,677080.5649099563,0.3179639808785684,380117876.38425225
,,,,,,,,541264.3175242245,0.1967194941045554,225733086.47533822
,,,,,,,,810751.4045759785,0.1507599677940166,488416310.27268744
,,,,,,,,616763.6286446493,0.2716898136831957,293522131.0953074
,,,,,,,,781108.3642616419,0.255751431317552,460158690.8738604
,,,,,,,,793442.765440809,0.31397912122057314,497888899.30875075
,,,,,,,,687245.446014985,0.17569066724515472,356784042.26151437
,,,,,,,,265676.78741876385,0.3083977722789729,55879244.96582934
,,,,,,,,36411.63609497867,0.371634123103666,1057097.3410875925
,,,,,,,,328700.644065195,0.1805315041800172,78277706.41784441
,,,,,,,,549555.3052295006,0.2567985159812892,253366894.1763881
,,,,,,,,727774.2377410409,0.20238839135742445,396666586.0074743
,,,,,,,,804533.3140764207,0.2844744505901296,501173325.63930863
,,,,,,,,750137.5926982396,0.28602978627861597,463150316.2376131
,,,,,,,,791808.7418172543,0.26945163302042696,491715404.96820784
,,,,,,,,271116.2461994559,0.24114556115492744,59228374.43800826
,,,,,,,,404443.7967277366,0.20801598114594658,122644745.40243629
,,,,,,,,723278.0068549531,0.2628720937947938,400256072.91107935
,,,,,,,,552476.5290859201,0.1727204470413763,230347329.05922565
,,,,,,,,497786.28054113704,0.3861370198043419,218237433.9608166
,,,,,,,,744092.192434224,0.1972609949098331,442684920.4826722
,,,,,,,,723438.8151138469,0.2564457102617857,422384075.2246661
,,,,,,,,224863.4895981253,0.20198147693337787,40917825.92622276
,,,,,,,,483440.53305942356,0.21251791378146012,183927433.5515674
,,,,,,,,590536.7190664621,0.269144233344497,275488724.59604865
,,,,,,,,130154.63231760569,0.1763332574098295,12627833.613394782
,,,,,,,,127201.15923134323,0.24696998566523876,11687488.698523983
,,,,,,,,801414.5890824873,0.33336128367545265,503920892.1475452
,,,,,,,,243280.18163869288,0.2603262631775213,49580981.8204625
,,,,,,,,630695.6130687139,0.306926303993293,289668864.44834113
,,,,,,,,3196.374707663732,0.26321383592503617,7917.4763525739845
,,,,,,,,666733.0874675256,0.2608879215880856,350330935.99128836
,,,,,,,,282995.3606454283,0.22405248021232343,60733918.52097779
,,,,,,,,180386.16008699336,0.3317393493271952,27547057.254931875
,,,,,,,,792719.7223399894,0.1789607552250152,464060976.3581514
,,,,,,,,472927.10061053024,0.20623011808762912,168798286.04262692
,,,,,,,,449304.31354125665,0.17450889264027677,158792641.5659036
,,,,,,,,2207.3839286364105,0.21875009746912866,3943.917816221856
,,,,,,,,224218.12835296863,0.2844906877315569,40842437.09338452
,,,,,,,,559461.019216415,0.24333417077855218,243083642.26797765
,,,,,,,,216052.31814102075,0.30409907457807844,38921719.9104864
,,,,,,,,744816.1225293978,0.2350491976815745,430220191.5251238
,,,,,,,,437398.48933072126,0.21289586870145435,149109889.5691614
,,,,,,,,315170.99238803686,0.18722461389141176,72083646.36353077
,,,,,,,,219578.28077249313,0.22273990374864322,36302349.01236705
,,,,,,,,418736.074212811,0.24727846727180053,138921966.05135712
,,,,,,,,794685.8157912192,0.2997266984711258,508279090.25451577
,,,,,,,,267236.08710704115,0.2816351786142525,56787309.961538166
,,,,,,,,696988.622043177,0.2123081486775618,368145801.552212
,,,,,,,,798008.5636785981,0.19801211218630896,520602067.792336
,,,,,,,,794644.8685705664,0.2898326194614571,447805990.686615
,,,,,,,,641228.88693516,0.23604690589663735,304392024.6626632
,,,,,,,,333015.21499767684,0.34095759344665777,87412748.80289039
,,,,,,,,357628.37862140907,0.18434276534175492,97512819.14728706
,,,,,,,,93009.21368467435,0.24828229614998648,7171614.854944305
,,,,,,,,732074.0620606334,0.35325267727098913,446379911.14903
,,,,,,,,617813.9607380176,0.2620304862336747,302188645.7704707
,,,,,,,,686665.570537111,0.23630261011332146,365760585.59875554
,,,,,,,,699939.6408762059,0.2689363355898673,392658500.53690153
,,,,,,,,583409.5764347757,0.20781688585654315,265181154.45162037
,,,,,,,,403720.96013550594,0.32027277394930465,134020851.3409979
,,,,,,,,365976.96842933743,0.2799659482990278,107813715.84040847
,,,,,,,,70645.06023812522,0.30684224243851416,4108055.7862763125
,,,,,,,,705685.7926389298,0.2016345896420948,376758870.8958298
,,,,,,,,789867.1955102318,0.28310158910608024,507501548.23109686
,,,,,,,,588106.0513318954,0.29945066635059187,265517721.50353935
,,,,,,,,49165.535987806026,0.30385663413603486,1846243.284207348
,,,,,,,,537702.7505903485,0.19560546023962327,234716652.2005495
,,,,,,,,686551.4743176999,0.14312910744878568,330482021.8831861
,,,,,,,,157864.9531445091,0.26086618574797754,19660954.2596862
,,,,,,,,798296.644668949,0.17562617996830407,500500787.6622423
,,,,,,,,25370.9575027067,0.286062764298559,509418.8655248086
,,,,,,,,72007.7561803722,0.23069664472723336,4002058.0711678076
,,,,,,,,291581.210523423,0.21861910502576112,64982730.57995496
,,,,,,,,181144.03725428175,0.3188308199231002,26625617.158999182
,,,,,,,,745035.707243774,0.2065749419696499,442354771.08039135
,,,,,,,,302960.54561619594,0.19114247777716367,69545137.54651508
,,,,,,,,320943.7281811465,0.24453542653043234,76877032.85237409
,,,,,,,,252796.83696294483,0.29669630191738466,50507218.04952199
,,,,,,,,496442.30115886545,0.24198564093759575,185587876.6607678
,,,,,,,,401688.01479479205,0.23017180530460446,123656211.71994804
,,,,,,,,216449.35025787534,0.24621234331487557,34448765.845427684
,,,,,,,,333598.44103024073,0.2409503901287857,93954786.16735306
,,,,,,,,729927.7179255516,0.2508859420721007,421427834.9236515
,,,,,,,,601488.0598410447,0.17743765853784121,260754904.7766274
,,,,,,,,66972.16710715285,0.20407475592038857,3321873.8551216214
,,,,,,,,314622.95224081614,0.25024903631233547,77281343.4472764
,,,,,,,,102770.6893078718,0.29131305582760797,7974983.850154907
,,,,,,,,755233.4900357412,0.24003700178406157,434571743.54634064
,,,,,,,,794923.3888512586,0.18648933904502915,469837594.09387606
,,,,,,,,674647.3294277812,0.23664384666495933,340080084.2665128
,,,,,,,,811861.7503403621,0.31366413648539343,514359711.3708011
,,,,,,,,391100.2295330812,0.2746502415072626,119768283.085729
,,,,,,,,18152.28335306406,0.30748988694998375,265268.92638226034
,,,,,,,,440191.3445800281,0.28536200420126495,148953882.6425511
,,,,,,,,325560.4014845391,0.18977030048266766,81263034.26302885
,,,,,,,,506006.3629179797,0.26144465139691186,199516543.40747842
,,,,,,,,720903.2552169823,0.19608478927263115,402291061.50546944
,,,,,,,,756721.2473682899,0.2005298140399757,454281366.4993077
,,,,,,,,353584.4588106014,0.2387890730486512,93765461.51441129
,,,,,,,,631133.5974393811,0.2973548518436723,321427735.93527395
,,,,,,,,490917.4102852526,0.2263221166209127,180269950.98756936
,,,,,,,,394560.881818247,0.19477240103335408,130833977.17798351
,,,,,,,,612822.1062908093,0.20842294514515383,297697389.5716666
,,,,,,,,137439.34563842768,0.25639144293017224,14745550.174677927
,,,,,,,,609944.8625942784,0.205412509626686,271916727.2293748
,,,,,,,,95775.98511978668,0.20925038050833958,7306053.281033823
,,,,,,,,155965.2733957694,0.2414152687127005,18688611.884900805
,,,,,,,,769383.0838028442,0.2904095095182883,433144799.939496
,,,,,,,,288993.8948198191,0.2579791508164727,65126336.48738206
,,,,,,,,609838.4014100744,0.22093175665823114,302320245.4042203
,,,,,,,,407205.2190120698,0.20365865798602487,124259349.57599373
,,,,,,,,284202.02817241073,0.2335378431249517,62089133.713699676
,,,,,,,,804815.3480699046,0.1727944427758047,499249045.54729706
,,,,,,,,750206.1015734065,0.30726883457900495,429573777.31734884
,,,,,,,,799587.0070174711,0.34770497326741606,519877263.8683244
,,,,,,,,219420.3174086788,0.22921907048287446,37198212.32272593
,,,,,,,,662660.9719232449,0.2845194184137057,362097331.5802019
,,,,,,,,252522.37607033015,0.24249739923518718,48818147.31751387
,,,,,,,,716680.561654058,0.23193947654982916,409057008.5828292
,,,,,,,,730040.5978290307,0.19858480716786975,436487402.5299494
,,,,,,,,381009.959998423,0.25426596859028155,112527720.7463213
,,,,,,,,368560.9294162349,0.2540152840916184,109610515.18470463
,,,,,,,,9371.616919744993,0.3064332096257598,68755.63419555948
,,,,,,,,750406.4736376362,0.17941083176875422,427444758.2348655
,,,,,,,,814059.0296529043,0.24322680698641427,527154650.71901774
,,,,,,,,649659.3730293983,0.2859154391125111,325781141.6803826
,,,,,,,,444356.5280430771,0.13699731445715707,133050068.34617993
,,,,,,,,720496.6764219787,0.18698149538569867,399301059.13440305
,,,,,,,,813808.1325644994,0.2660685451149714,487052466.02919835
,,,,,,,,334245.8998744566,0.2892228130268579,84859677.24781455
,,,,,,,,503516.1170224996,0.18480048190055848,187828207.35284278
,,,,,,,,807150.9103269078,0.27585163973744475,535905632.22452796
,,,,,,,,452378.2151067367,0.21081309657176087,159561604.53122616
,,,,,,,,392099.9627565332,0.29135508256719966,123726056.8732556
,,,,,,,,292420.0087614907,0.2673615071102177,66649290.355887406
,,,,,,,,263237.47665680764,0.28495602343233606,53139081.748549886
,,,,,,,,813293.4675202488,0.2107102621527259,506605398.0416802
,,,,,,,,241450.2813497401,0.2985116173509148,48027949.5155688
,,,,,,,,805130.5237498566,0.26672280506236806,470616496.2897161
,,,,,,,,74157.42182845014,0.2816990086499486,4203142.812867095
,,,,,,,,544975.7180409107,0.26927683221274523,228836380.23652697
,,,,,,,,219267.9776266901,0.30610133433261777,37743492.46811765
,,,,,,,,760828.9245906364,0.18139887634970694,430078555.1560504
,,,,,,,,742473.8108460256,0.19313727168828154,406305908.45370394
,,,,,,,,798032.3186052322,0.20080574189303524,500281398.9147293
,,,,,,,,636750.4993585553,0.2773801177092611,330966100.6798198
,,,,,,,,478916.76740280056,0.23851316320003038,171326615.75478113
,,,,,,,,670285.5809371974,0.24375231688254906,355061745.06716716
,,,,,,,,705333.8413136968,0.2795756893568272,397219746.6503272
,,,,,,,,793684.465000218,0.29455951667913677,518551807.0622549
,,,,,,,,751493.4568010074,0.24734020062254833,430103637.14817536
,,,,,,,,739262.9492406771,0.24523861463708446,422653946.30914795
,,,,,,,,54236.10489568148,0.30249312969733955,2380390.470067023
,,,,,,,,556279.7738030852,0.33057074826224114,259661001.09672052
,,,,,,,,783823.7626052405,0.20336206619479316,476302846.74649537
,,,,,,,,435990.9679141994,0.24769635898242678,147443628.0494799
,,,,,,,,593480.679619432,0.2458975235939463,267405649.88474327
,,,,,,,,718673.172556454,0.33572530477964785,402804164.51573503
,,,,,,,,512586.722506874,0.25868556826770783,211069864.21215418
,,,,,,,,73902.70755984508,0.30564832959024646,4485589.232997194
,,,,,,,,503643.8015786561,0.31156679489554834,193284500.1183506
,,,,,,,,327296.4039936625,0.17148923194947477,79133188.29598132
,,,,,,,,622455.2639181676,0.21522019081581295,298226594.68588436
,,,,,,,,250053.47936749712,0.18146559309965848,47336822.47578469
,,,,,,,,684564.5544880881,0.29396537462309524,375482696.90795493
,,,,,,,,771330.628587147,0.29451990486444296,468035498.4612316
,,,,,,,,684393.1294787454,0.1883853944820588,347731032.4860488
,,,,,,,,775723.8168685671,0.24443551574753666,460309611.64677346
,,,,,,,,160750.5927963675,0.1823481082074547,19615253.685804293
,,,,,,,,487446.6856057698,0.17447865018665396,183161646.12803617
,,,,,,,,206154.37350277096,0.21068041407198032,32141142.213043068
,,,,,,,,756381.2953170659,0.20684014124185982,450995321.2949001
,,,,,,,,801579.9530045838,0.24811221409907483,504089354.9722294
,,,,,,,,803635.058200864,0.18590278800749827,505202141.8808755
,,,,,,,,134561.84698138488,0.20087893999462525,13431649.547887001
,,,,,,,,809603.5938605287,0.20534028099328733,497989100.2085076
,,,,,,,,410343.9291950077,0.2891990744482262,148755547.57047242
,,,,,,,,183570.5247646283,0.22222306558465874,26454912.21997572
,,,,,,,,127239.37515510223,0.30858335039524526,13259089.72187592
,,,,,,,,608170.1083272925,0.15259630704893445,274898886.9223854
,,,,,,,,379279.7750649092,0.1841097880282,103637611.3160654
,,,,,,,,30477.81498975983,0.2105553816650975,710458.841621264
,,,,,,,,743315.1491934209,0.2448152643962044,429743889.460524
,,,,,,,,362825.8806435711,0.20576871072863742,100219662.24604586
,,,,,,,,812978.1816473616,0.17418426277492324,492523095.74291193
,,,,,,,,349760.420106689,0.24468054512295592,91589538.6400821
,,,,,,,,618984.8165109087,0.2302071982744605,307873721.7788334
,,,,,,,,758162.0537629445,0.20834852661121306,406998614.1090721
,,,,,,,,799546.1239023342,0.3423326364319476,489806031.6387957
,,,,,,,,525250.7845840423,0.3065396270960075,219515496.42579827
,,,,,,,,560872.503059092,0.2772116251948033,245118028.78272444
,,,,,,,,11999.519043848968,0.31169080963740886,109281.37952485838
,,,,,,,,473934.5674613332,0.24570169097035177,176686013.8346852
,,,,,,,,661944.5132529965,0.2633436888184136,358482408.95497936
,,,,,,,,753955.9365496961,0.179953260324524,430071806.7760446
,,,,,,,,814421.879513366,0.22466775124317528,531446923.4310806
,,,,,,,,681143.9703437425,0.2456883620824213,343303937.82926506
,,,,,,,,677670.1656318777,0.18264991316504217,350607382.68963635
,,,,,,,,805785.2868990756,0.2927019062857052,492608960.8905456
,,,,,,,,459239.94280796364,0.2942864352043272,164109868.75987855
,,,,,,,,478233.6504538786,0.19524731551648128,173329881.00177553
,,,,,,,,141330.40640036762,0.3362856599835301,16025858.087034037
,,,,,,,,809445.2373939656,0.24722118173238763,514823409.8807499
,,,,,,,,365461.91088685626,0.33090786230368685,111537609.77333549
,,,,,,,,422742.1273737734,0.2898560571978469,131858979.4854232
,,,,,,,,171766.0889482742,0.19937394536601713,21988648.989210088
,,,,,,,,765389.328816138,0.22556875855029815,449219713.634083
,,,,,,,,793357.1338835176,0.26596258451903665,509614267.0310615
,,,,,,,,229212.21628350674,0.16328146707379815,41136383.086078435
,,,,,,,,659745.626572329,0.2202541131860978,359235404.12492675
,,,,,,,,499932.5308387945,0.1844603098063145,189979819.09016654
,,,,,,,,752878.459574889,0.2488158364995384,421205126.30858666
,,,,,,,,548336.5137577628,0.2592179697501516,230879929.93980718
,,,,,,,,815384.5186018759,0.25951570366503507,466350243.8830707
,,,,,,,,776935.5127307904,0.2818142335657745,499152272.9110377
,,,,,,,,302629.2082183073,0.220640041492522,70856270.00199571
,,,,,,,,554561.5964062663,0.28248889817090467,237012124.32034823
,,,,,,,,110988.01357191647,0.3495890363921076,9849965.655893961
,,,,,,,,787200.6043404308,0.2556207585912584,498758269.6422003
,,,,,,,,3295.3086965817997,0.21250939785677542,8614.998781778542
,,,,,,,,641173.6987121467,0.21658026365815472,297193054.08774054
,,,,,,,,575472.3193138608,0.31456614385898374,262347001.017851
,,,,,,,,777712.7826050231,0.22427412805703945,451162376.11694056
,,,,,,,,801127.9530553762,0.3019699513691647,541229394.5964137
,,,,,,,,16223.849339510238,0.19522028002893932,209423.05719620394
,,,,,,,,433141.6736255617,0.29239334374204295,145895599.2868929
,,,,,,,,752424.7237553499,0.24019848049064674,451870333.2229702
,,,,,,,,41515.93860129053,0.2549537103397285,1376471.9343168335
,,,,,,,,96883.05143729816,0.2681334683549983,7773070.621674716
,,,,,,,,777234.827468162,0.2810288589561661,456795379.91225415
,,,,,,,,773314.1162724663,0.29356204673467673,465231212.25696284
,,,,,,,,812589.419418635,0.2551944716782079,491516831.80644006
,,,,,,,,306561.33820583305,0.21893757023486052,69915882.95122118
,,,,,,,,757035.3681405102,0.28744343073614503,466128757.9006441
,,,,,,,,789517.9303510145,0.2162440008315316,463076491.0014083
,,,,,,,,794595.4798913248,0.21893547313501965,488677792.87579006
,,,,,,,,810910.6625606207,0.3176760794305341,572805612.2551004
,,,,,,,,812335.0090234983,0.2401872162291469,525316347.68359876
,,,,,,,,198475.5262200777,0.30937486599847064,33487124.845898513
,,,,,,,,814117.179151101,0.25160593755448674,510815766.92100644
,,,,,,,,33058.65117613018,0.19434955262314504,816220.7673700751
,,,,,,,,704183.1032523706,0.2478251419154052,407124854.82668585
,,,,,,,,679029.5942269807,0.1899620789515863,368356791.9248489
,,,,,,,,716435.7187287669,0.1800266622336582,377967504.9104151
,,,,,,,,385810.9614864353,0.21254603729366447,113463793.0528494
,,,,,,,,510749.11366239015,0.25632744511254757,193746621.1957297
,,,,,,,,653909.5125626063,0.3323598002866094,333571692.89219147
,,,,,,,,355032.05586993566,0.2991557562560994,97441414.64937067
,,,,,,,,19435.21925441464,0.2838095682782779,296687.80544423196
,,,,,,,,368713.5109320062,0.1964124817595764,100909431.69245717
,,,,,,,,262385.1106345441,0.2854498834301469,55229371.13148137
,,,,,,,,328604.9960684617,0.17159514004349088,77270974.19694574
,,,,,,,,257909.59231772367,0.24831788967447624,51289064.64028967
,,,,,,,,801695.223886354,0.23614779106280775,525225568.4234667
,,,,,,,,598708.2034684627,0.23483677313967863,268964103.66059226
,,,,,,,,295840.67024392966,0.25720066271712566,68354188.44901316
,,,,,,,,561147.8005265887,0.17197020484946912,244242375.88767308
,,,,,,,,479609.17010693497,0.1952195435342527,180653283.8362968
,,,,,,,,263612.4665817456,0.22362480066343046,56996353.296059914
,,,,,,,,815083.8880639618,0.21864544110871995,501552108.8646831
,,,,,,,,813472.2115102789,0.3222054653098544,498793613.8071368
,,,,,,,,300227.1318896182,0.16303642359760395,66641749.85663617
,,,,,,,,98531.03558965489,0.3065723739218373,7481863.790302673
,,,,,,,,191539.97285600088,0.2549339803242412,27632499.14796784
,,,,,,,,508676.29169225926,0.24077029343250256,204912210.06258932
,,,,,,,,798464.3706193377,0.13047112157894578,476162931.5919866
,,,,,,,,480013.0038031739,0.23504934528058827,183259166.83125302
,,,,,,,,668489.496635749,0.2737989452179882,339666867.76141876
,,,,,,,,25725.907735546487,0.15387568026200632,524183.9525926416
,,,,,,,,40269.53631253093,0.16522827720023436,1199736.7960894613
,,,,,,,,519255.01501910674,0.2504168776120535,201635890.9841943
,,,,,,,,789246.9825687003,0.26296445926865186,502010847.4236969
,,,,,,,,813089.1559879797,0.3225514257955407,555569955.8371885
,,,,,,,,645891.3293099651,0.15944625192311282,319836782.6290104
,,,,,,,,310443.40230973787,0.22511991348771884,71085485.4214956
,,,,,,,,668113.658974093,0.28872100086547575,364370691.5911173
,,,,,,,,282852.54326261644,0.31190193938778205,63220506.02522697
,,,,,,,,696688.7531460259,0.21880287880175764,367517915.93464947
,,,,,,,,672682.1216944349,0.22648327287935693,324149299.2867702
,,,,,,,,809209.6965444102,0.19224563985260595,529650087.0814321
,,,,,,,,718820.2444930881,0.2998418960694294,427735767.02935886
,,,,,,,,522547.6921696448,0.1870360227741877,228643037.29891622
,,,,,,,,696412.3066784573,0.21209007384780426,362505982.08911973
,,,,,,,,282194.57100489235,0.22014004573732854,61528181.61713213
,,,,,,,,646264.0382914051,0.25100250532809343,317766803.99709994
,,,,,,,,125990.63465437159,0.18127176093057984,12300019.163209774
,,,,,,,,807742.6969231023,0.20064500624165438,509585615.9490396
,,,,,,,,400974.37998953124,0.17959223586661774,118912762.25642538
,,,,,,,,679168.302355931,0.16463294018152447,341033450.01098645
,,,,,,,,644234.6698671958,0.18874246248033627,311174532.34152806
,,,,,,,,789781.13971827,0.16859228214767863,479533004.2958409
,,,,,,,,811201.9970108727,0.23511407756112984,535786186.96481055
,,,,,,,,727211.7585054405,0.27445513864566445,407716145.2381877
,,,,,,,,236015.84028607036,0.13718958736887285,41745880.9741525
,,,,,,,,452392.5362786581,0.1566781400704831,159674956.88649985
,,,,,,,,796617.8773760984,0.25796709639227694,534004381.7924529
,,,,,,,,343793.45106204523,0.20106750423952477,94594084.15893283
,,,,,,,,406205.7404407024,0.21109604163543044,122602934.04086079
,,,,,,,,146381.5300318734,0.206522708166001,15596423.045735348
,,,,,,,,118489.2788963967,0.18360578122630258,9979994.796604274
,,,,,,,,805122.4098013804,0.20262388969076958,482998968.4281538
,,,,,,,,56914.76927303113,0.202951429542232,2526738.7376747276
,,,,,,,,751089.5190193027,0.19723159339383498,451653406.8798903
,,,,,,,,814477.9869349736,0.260432832804427,521491567.13726556
,,,,,,,,797400.1686469715,0.2209788791230601,494066994.7474088
,,,,,,,,350828.5338754032,0.23914642410787051,91939372.49048175
,,,,,,,,388571.12599944166,0.240219619184664,111819967.93050689
,,,,,,,,480644.7459016053,0.20687305736815217,172200011.8612672
,,,,,,,,380533.78724509757,0.29280346985236444,111047719.9321344
,,,,,,,,738364.005695975,0.2711262721181727,433871295.69057256
,,,,,,,,811688.42712056,0.2933918185577685,565315215.6331033
,,,,,,,,162035.52056804986,0.25683352824091277,19816599.559534833
,,,,,,,,789715.6348226015,0.3172116627007086,481359859.4619093
,,,,,,,,457991.78563244845,0.1194109583991526,149628792.55244964
,,,,,,,,205553.02882834722,0.1025066295161055,30488181.660782244
,,,,,,,,585203.1502133156,0.22320795019802775,263990935.97643068
,,,,,,,,590067.2569368773,0.17915168966303002,248331106.69257668
,,,,,,,,18847.384007403365,0.2348595056181611,286196.22102378577
,,,,,,,,124634.48932068003,0.1964628989013769,11867989.126951594
,,,,,,,,762364.4398701886,0.2546253407404291,444610642.6943359
,,,,,,,,88523.39638896518,0.2448265460480003,6266524.591168138
,,,,,,,,772866.9582958755,0.2936265688644071,480022845.40789735
,,,,,,,,740039.899059031,0.20132559840565764,401603441.45823246
,,,,,,,,414603.7286621181,0.15020639626032242,123337651.606125
,,,,,,,,699772.4414047276,0.222664842561519,396081362.1935276
,,,,,,,,192572.39347143043,0.20091647581469252,29893243.129918043
,,,,,,,,813775.1986937854,0.23962211121684834,530851073.7204471
,,,,,,,,302855.0597075959,0.3175707450167634,75812601.26393244
,,,,,,,,22580.75714801861,0.22608463960849343,384211.9711080645
,,,,,,,,662080.9627181361,0.16649297527143025,319994615.814021
,,,,,,,,511804.3001945111,0.2985945989978859,199077928.5854876
,,,,,,,,596271.925409885,0.2810871371729698,280081360.3399751
,,,,,,,,700606.0115053855,0.25369837172653825,370113949.9737198
,,,,,,,,133422.2317088729,0.21697493975450893,13003975.824083623
,,,,,,,,709552.5167405498,0.23035655556662926,397905290.94317895
,,,,,,,,670116.0761729062,0.26311824656444227,361769733.6148983
,,,,,,,,185710.4308269723,0.22452185057685142,26958669.08442126
,,,,,,,,724912.199679361,0.10381325454495582,367997721.7865811
,,,,,,,,310146.70015028893,0.2593260161331577,76647129.69049804
,,,,,,,,801274.2137557376,0.27697138919169784,499143553.5207663
,,,,,,,,727789.7629249567,0.19067960709661755,409498134.3276826
,,,,,,,,490641.645670573,0.19749611448188684,177133307.91400123
,,,,,,,,218458.6527702251,0.27257807823292024,38345709.116252765
,,,,,,,,756912.8053137235,0.1985563031251823,443667938.79666644
,,,,,,,,144688.882562021,0.16924309764876008,15315825.690282322
,,,,,,,,588618.6308178973,0.19139297235498395,268574327.0000995
,,,,,,,,295696.455983003,0.21356920767888676,69358481.58231646
,,,,,,,,189029.430942978,0.15893133485925864,26614318.800970525
,,,,,,,,698082.9710238185,0.2943022498169583,383825589.56172043
,,,,,,,,599145.6424589396,0.33925953926484703,284055062.70680714
,,,,,,,,764778.9850513061,0.20749769427613957,439238215.72836185
,,,,,,,,664234.5359692618,0.19637610725189752,315933165.5712821
,,,,,,,,758448.2216645885,0.19897105949387836,452873372.92303187
,,,,,,,,588073.5423385514,0.2641734045022701,271830393.5533128
,,,,,,,,450922.0024316043,0.1871495163291275,145641523.01771602
,,,,,,,,148841.8695558088,0.22739845119281082,17756601.56326042
,,,,,,,,334190.8319500201,0.2622587827488976,91009301.75078057
,,,,,,,,452837.336605663,0.29736791816700575,160999212.3928636
,,,,,,,,596907.8080308829,0.23822608355564268,273085939.06764674
,,,,,,,,685489.775451387,0.278945712734485,350125415.904947
,,,,,,,,488215.58866430895,0.22870247301838445,177203177.03624982
,,,,,,,,796514.5204199187,0.19781710692393892,519415783.4129616
,,,,,,,,607083.5955645666,0.11504573032519591,273733513.14090204
,,,,,,,,602860.917271838,0.2596562319571878,301068431.18502665
